time,open,high,low,close,Global Money Supply,Volume,Volume MA,RSI,RSI-based MA,Upper Bollinger Band,Lower Bollinger Band,Predicted Funding Rate,Next Funding Rate,Funding Bar
1978-06-01T00:00:00Z,1318500000000,1318500000000,1318500000000,1318500000000,NaN,NaN,NaN,99.99842629109492,99.99752942523537,NaN,NaN,NaN,NaN,NaN
1978-07-01T00:00:00Z,1324100000000,1324100000000,1324100000000,1324100000000,NaN,NaN,NaN,99.99849748432719,99.99768175307022,NaN,NaN,NaN,NaN,NaN
1978-08-01T00:00:00Z,1333500000000,1333500000000,1333500000000,1333500000000,NaN,NaN,NaN,99.9986110689416,99.99782620262262,NaN,NaN,NaN,NaN,NaN
1978-09-01T00:00:00Z,1345000000000,1345000000000,1345000000000,1345000000000,NaN,NaN,NaN,99.99873687498481,99.99796432121055,NaN,NaN,NaN,NaN,NaN
1978-10-01T00:00:00Z,1352300000000,1352300000000,1352300000000,1352300000000,NaN,NaN,NaN,99.99881052707529,99.99809111040801,NaN,NaN,NaN,NaN,NaN
1978-11-01T00:00:00Z,1359100000000,1359100000000,1359100000000,1359100000000,NaN,NaN,NaN,99.9988762589078,99.99820876253959,NaN,NaN,NaN,NaN,NaN
1978-12-01T00:00:00Z,1366000000000,1366000000000,1366000000000,1366000000000,NaN,NaN,NaN,99.99894025416084,99.99831984576808,NaN,NaN,NaN,NaN,NaN
1979-01-01T00:00:00Z,1371600000000,1371600000000,1371600000000,1371600000000,NaN,NaN,NaN,99.99899050124952,99.99842307264775,NaN,NaN,NaN,NaN,NaN
1979-02-01T00:00:00Z,1377800000000,1377800000000,1377800000000,1377800000000,NaN,NaN,NaN,99.99904451700938,99.99851991187222,NaN,NaN,NaN,NaN,NaN
1979-03-01T00:00:00Z,1387800000000,1387800000000,1387800000000,1387800000000,NaN,NaN,NaN,99.99912576898127,99.99861105406833,NaN,NaN,NaN,NaN,NaN
1979-04-01T00:00:00Z,1402100000000,1402100000000,1402100000000,1402100000000,NaN,NaN,NaN,99.99922699949646,99.9987026318836,NaN,NaN,NaN,NaN,NaN
1979-05-01T00:00:00Z,1410200000000,1410200000000,1410200000000,1410200000000,NaN,NaN,NaN,99.99927799798553,99.99879019457335,NaN,NaN,NaN,NaN,NaN
1979-06-01T00:00:00Z,1423000000000,1423000000000,1423000000000,1423000000000,NaN,NaN,NaN,99.99935087876118,99.99887401178613,NaN,NaN,NaN,NaN,NaN
1979-07-01T00:00:00Z,1434800000000,1434800000000,1434800000000,1434800000000,NaN,NaN,NaN,99.99941000492274,99.99895181627856,NaN,NaN,NaN,NaN,NaN
1979-08-01T00:00:00Z,1446600000000,1446600000000,1446600000000,1446600000000,NaN,NaN,NaN,99.9994627094312,99.99902584615973,NaN,NaN,NaN,NaN,NaN
1979-09-01T00:00:00Z,1454100000000,1454100000000,1454100000000,1454100000000,NaN,NaN,NaN,99.99949366919705,99.99909700222186,NaN,NaN,NaN,NaN,NaN
1979-10-01T00:00:00Z,1460400000000,1460400000000,1460400000000,1460400000000,NaN,NaN,NaN,99.99951875448632,99.99916183690364,NaN,NaN,NaN,NaN,NaN
1979-11-01T00:00:00Z,1465900000000,1465900000000,1465900000000,1465900000000,NaN,NaN,NaN,99.99954017284574,99.99921921532227,NaN,NaN,NaN,NaN,NaN
1979-12-01T00:00:00Z,1473700000000,1473700000000,1473700000000,1473700000000,NaN,NaN,NaN,99.99956943932412,99.99927342334004,NaN,NaN,NaN,NaN,NaN
1980-01-01T00:00:00Z,1482700000000,1482700000000,1482700000000,1482700000000,NaN,NaN,NaN,99.99960099562584,99.99932519024847,NaN,NaN,NaN,NaN,NaN
1980-02-01T00:00:00Z,1494600000000,1494600000000,1494600000000,1494600000000,NaN,NaN,NaN,99.99963870134415,99.999375079333,NaN,NaN,NaN,NaN,NaN
1980-03-01T00:00:00Z,1499800000000,1499800000000,1499800000000,1499800000000,NaN,NaN,NaN,99.99965408433758,99.999422478125,NaN,NaN,NaN,NaN,NaN
1980-04-01T00:00:00Z,1502200000000,1502200000000,1502200000000,1502200000000,NaN,NaN,NaN,99.99966125307141,99.99946653070086,NaN,NaN,NaN,NaN,NaN
1980-05-01T00:00:00Z,1512300000000,1512300000000,1512300000000,1512300000000,NaN,NaN,NaN,99.99969033720154,99.9995068570023,NaN,NaN,NaN,NaN,NaN
1980-06-01T00:00:00Z,1529200000000,1529200000000,1529200000000,1529200000000,NaN,NaN,NaN,99.99973182736836,99.99954291613601,NaN,NaN,NaN,NaN,NaN
1980-07-01T00:00:00Z,1545500000000,1545500000000,1545500000000,1545500000000,NaN,NaN,NaN,99.99976458919596,99.99957767265106,NaN,NaN,NaN,NaN,NaN
1980-08-01T00:00:00Z,1561500000000,1561500000000,1561500000000,1561500000000,NaN,NaN,NaN,99.99979151372955,99.99960914657736,NaN,NaN,NaN,NaN,NaN
1980-09-01T00:00:00Z,1574000000000,1574000000000,1574000000000,1574000000000,NaN,NaN,NaN,99.99980981467455,99.99963770441677,NaN,NaN,NaN,NaN,NaN
1980-10-01T00:00:00Z,1584800000000,1584800000000,1584800000000,1584800000000,NaN,NaN,NaN,99.99982417533091,99.99966352340962,NaN,NaN,NaN,NaN,NaN
1980-11-01T00:00:00Z,1595800000000,1595800000000,1595800000000,1595800000000,NaN,NaN,NaN,99.99983762381211,99.99968809159641,NaN,NaN,NaN,NaN,NaN
1980-12-01T00:00:00Z,1599800000000,1599800000000,1599800000000,1599800000000,NaN,NaN,NaN,99.99984234607551,99.99971120528134,NaN,NaN,NaN,NaN,NaN
1981-01-01T00:00:00Z,1606900000000,1606900000000,1606900000000,1606900000000,NaN,NaN,NaN,99.99985064878183,99.99973338213393,NaN,NaN,NaN,NaN,NaN
1981-02-01T00:00:00Z,1618700000000,1618700000000,1618700000000,1618700000000,NaN,NaN,NaN,99.99986351384251,99.99975438745666,NaN,NaN,NaN,NaN,NaN
1981-03-01T00:00:00Z,1636600000000,1636600000000,1636600000000,1636600000000,NaN,NaN,NaN,99.9998803509686,99.99977434140972,NaN,NaN,NaN,NaN,NaN
1981-04-01T00:00:00Z,1659200000000,1659200000000,1659200000000,1659200000000,NaN,NaN,NaN,99.99989753736988,99.99979282969727,NaN,NaN,NaN,NaN,NaN
1981-05-01T00:00:00Z,1664200000000,1664200000000,1664200000000,1664200000000,NaN,NaN,NaN,99.99990092794357,99.99981046138339,NaN,NaN,NaN,NaN,NaN
1981-06-01T00:00:00Z,1670300000000,1670300000000,1670300000000,1670300000000,NaN,NaN,NaN,99.99990505576407,99.99982787586144,NaN,NaN,NaN,NaN,NaN
1981-07-01T00:00:00Z,1681900000000,1681900000000,1681900000000,1681900000000,NaN,NaN,NaN,99.99991252009315,99.99984374606798,NaN,NaN,NaN,NaN,NaN
1981-08-01T00:00:00Z,1694300000000,1694300000000,1694300000000,1694300000000,NaN,NaN,NaN,99.99991978033972,99.99985717128023,NaN,NaN,NaN,NaN,NaN
1981-09-01T00:00:00Z,1706000000000,1706000000000,1706000000000,1706000000000,NaN,NaN,NaN,99.99992601927529,99.99986870200017,NaN,NaN,NaN,NaN,NaN
1981-10-01T00:00:00Z,1721800000000,1721800000000,1721800000000,1721800000000,NaN,NaN,NaN,99.99993353667519,99.99987884649629,NaN,NaN,NaN,NaN,NaN
1981-11-01T00:00:00Z,1736100000000,1736100000000,1736100000000,1736100000000,NaN,NaN,NaN,99.99993952604436,99.99988811159413,NaN,NaN,NaN,NaN,NaN
1981-12-01T00:00:00Z,1755500000000,1755500000000,1755500000000,1755500000000,NaN,NaN,NaN,99.99994656166356,99.99989685347502,NaN,NaN,NaN,NaN,NaN
1982-01-01T00:00:00Z,1770400000000,1770400000000,1770400000000,1770400000000,NaN,NaN,NaN,99.99995125255153,99.99990496981356,NaN,NaN,NaN,NaN,NaN
1982-02-01T00:00:00Z,1774500000000,1774500000000,1774500000000,1774500000000,NaN,NaN,NaN,99.99995248845222,99.99991283712619,NaN,NaN,NaN,NaN,NaN
1982-03-01T00:00:00Z,1786500000000,1786500000000,1786500000000,1786500000000,NaN,NaN,NaN,99.99995600425451,99.99992036251709,NaN,NaN,NaN,NaN,NaN
1982-04-01T00:00:00Z,1803900000000,1803900000000,1803900000000,1803900000000,NaN,NaN,NaN,99.99996056146159,99.9999272944899,NaN,NaN,NaN,NaN,NaN
1982-05-01T00:00:00Z,1815400000000,1815400000000,1815400000000,1815400000000,NaN,NaN,NaN,99.99996326946155,99.99993321723937,NaN,NaN,NaN,NaN,NaN
1982-06-01T00:00:00Z,1826000000000,1826000000000,1826000000000,1826000000000,NaN,NaN,NaN,99.999965613216,99.99993807979982,NaN,NaN,NaN,NaN,NaN
1982-07-01T00:00:00Z,1831500000000,1831500000000,1831500000000,1831500000000,NaN,NaN,NaN,99.99996679708208,99.99994278473828,NaN,NaN,NaN,NaN,NaN
1982-08-01T00:00:00Z,1845200000000,1845200000000,1845200000000,1845200000000,NaN,NaN,NaN,99.99996960423843,99.99994739534358,NaN,NaN,NaN,NaN,NaN
1982-09-01T00:00:00Z,1858400000000,1858400000000,1858400000000,1858400000000,NaN,NaN,NaN,99.99997205568208,99.99995164788564,NaN,NaN,NaN,NaN,NaN
1982-10-01T00:00:00Z,1869700000000,1869700000000,1869700000000,1869700000000,NaN,NaN,NaN,99.99997398962931,99.99995551997776,NaN,NaN,NaN,NaN,NaN
1982-11-01T00:00:00Z,1883700000000,1883700000000,1883700000000,1883700000000,NaN,NaN,NaN,99.9999761883723,99.99995910348468,NaN,NaN,NaN,NaN,NaN
1982-12-01T00:00:00Z,1905900000000,1905900000000,1905900000000,1905900000000,NaN,NaN,NaN,99.99997919213168,99.99996236458871,NaN,NaN,NaN,NaN,NaN
1983-01-01T00:00:00Z,1959400000000,1959400000000,1959400000000,1959400000000,NaN,NaN,NaN,99.99998432418958,99.99996556445623,NaN,NaN,NaN,NaN,NaN
1983-02-01T00:00:00Z,1996800000000,1996800000000,1996800000000,1996800000000,NaN,NaN,NaN,99.99998677906106,99.99996843712748,NaN,NaN,NaN,NaN,NaN
1983-03-01T00:00:00Z,2015200000000,2015200000000,2015200000000,2015200000000,NaN,NaN,NaN,99.99998779198043,99.99997104708669,NaN,NaN,NaN,NaN,NaN
1983-04-01T00:00:00Z,2028600000000,2028600000000,2028600000000,2028600000000,NaN,NaN,NaN,99.99998848395119,99.99997361819376,NaN,NaN,NaN,NaN,NaN
1983-05-01T00:00:00Z,2043100000000,2043100000000,2043100000000,2043100000000,NaN,NaN,NaN,99.99998919748612,99.99997598913889,NaN,NaN,NaN,NaN,NaN
1983-06-01T00:00:00Z,2053500000000,2053500000000,2053500000000,2053500000000,NaN,NaN,NaN,99.99998969086872,99.99997806981082,NaN,NaN,NaN,NaN,NaN
1983-07-01T00:00:00Z,2064800000000.0002,2064800000000.0002,2064800000000.0002,2064800000000.0002,NaN,NaN,NaN,99.99999021386658,99.99997999441118,NaN,NaN,NaN,NaN,NaN
1983-08-01T00:00:00Z,2074000000000,2074000000000,2074000000000,2074000000000,NaN,NaN,NaN,99.99999063062332,99.99998178136885,NaN,NaN,NaN,NaN,NaN
1983-09-01T00:00:00Z,2083199999999.9998,2083199999999.9998,2083199999999.9998,2083199999999.9998,NaN,NaN,NaN,99.99999104148188,99.99998351311169,NaN,NaN,NaN,NaN,NaN
1983-10-01T00:00:00Z,2099300000000.0002,2099300000000.0002,2099300000000.0002,2099300000000.0002,NaN,NaN,NaN,99.99999172532331,99.99998509318917,NaN,NaN,NaN,NaN,NaN
1983-11-01T00:00:00Z,2112300000000.0002,2112300000000.0002,2112300000000.0002,2112300000000.0002,NaN,NaN,NaN,99.99999224038757,99.99998653495383,NaN,NaN,NaN,NaN,NaN
1983-12-01T00:00:00Z,2123500000000,2123500000000,2123500000000,2123500000000,NaN,NaN,NaN,99.99999266405568,99.99998786884144,NaN,NaN,NaN,NaN,NaN
1984-01-01T00:00:00Z,2138199999999.9998,2138199999999.9998,2138199999999.9998,2138199999999.9998,NaN,NaN,NaN,99.99999318963708,99.9999890832175,NaN,NaN,NaN,NaN,NaN
1984-02-01T00:00:00Z,2158199999999.9998,2158199999999.9998,2158199999999.9998,2158199999999.9998,NaN,NaN,NaN,99.99999383663003,99.99999012925309,NaN,NaN,NaN,NaN,NaN
1984-03-01T00:00:00Z,2175199999999.9998,2175199999999.9998,2175199999999.9998,2175199999999.9998,NaN,NaN,NaN,99.99999432973173,99.99999084393467,NaN,NaN,NaN,NaN,NaN
1984-04-01T00:00:00Z,2191699999999.9998,2191699999999.9998,2191699999999.9998,2191699999999.9998,NaN,NaN,NaN,99.99999476731674,99.99999141452436,NaN,NaN,NaN,NaN,NaN
1984-05-01T00:00:00Z,2204100000000,2204100000000,2204100000000,2204100000000,NaN,NaN,NaN,99.99999507492238,99.99999193473448,NaN,NaN,NaN,NaN,NaN
1984-06-01T00:00:00Z,2215100000000,2215100000000,2215100000000,2215100000000,NaN,NaN,NaN,99.9999953368064,99.99999242422415,NaN,NaN,NaN,NaN,NaN
1984-07-01T00:00:00Z,2223500000000,2223500000000,2223500000000,2223500000000,NaN,NaN,NaN,99.99999553217872,99.9999928767022,NaN,NaN,NaN,NaN,NaN
1984-08-01T00:00:00Z,2230400000000,2230400000000,2230400000000,2230400000000,NaN,NaN,NaN,99.9999956918493,99.99999330534365,NaN,NaN,NaN,NaN,NaN
1984-09-01T00:00:00Z,2244400000000,2244400000000,2244400000000,2244400000000,NaN,NaN,NaN,99.99999600390264,99.99999371891765,NaN,NaN,NaN,NaN,NaN
1984-10-01T00:00:00Z,2258900000000,2258900000000,2258900000000,2258900000000,NaN,NaN,NaN,99.99999630261759,99.9999941240601,NaN,NaN,NaN,NaN,NaN
1984-11-01T00:00:00Z,2281400000000,2281400000000,2281400000000,2281400000000,NaN,NaN,NaN,99.99999671319414,99.99999452918242,NaN,NaN,NaN,NaN,NaN
1984-12-01T00:00:00Z,2306400000000,2306400000000,2306400000000,2306400000000,NaN,NaN,NaN,99.99999709870282,99.99999491299523,NaN,NaN,NaN,NaN,NaN
1985-01-01T00:00:00Z,2332400000000,2332400000000,2332400000000,2332400000000,NaN,NaN,NaN,99.99999743557706,99.9999952840802,NaN,NaN,NaN,NaN,NaN
1985-02-01T00:00:00Z,2354100000000,2354100000000,2354100000000,2354100000000,NaN,NaN,NaN,99.99999767791668,99.99999564221312,NaN,NaN,NaN,NaN,NaN
1985-03-01T00:00:00Z,2366200000000,2366200000000,2366200000000,2366200000000,NaN,NaN,NaN,99.99999780261247,99.99999597171139,NaN,NaN,NaN,NaN,NaN
1985-04-01T00:00:00Z,2375400000000,2375400000000,2375400000000,2375400000000,NaN,NaN,NaN,99.99999789516313,99.9999962616066,NaN,NaN,NaN,NaN,NaN
1985-05-01T00:00:00Z,2389500000000,2389500000000,2389500000000,2389500000000,NaN,NaN,NaN,99.99999803197373,99.99999652605246,NaN,NaN,NaN,NaN,NaN
1985-06-01T00:00:00Z,2412600000000,2412600000000,2412600000000,2412600000000,NaN,NaN,NaN,99.99999823444362,99.99999677370438,NaN,NaN,NaN,NaN,NaN
1985-07-01T00:00:00Z,2429500000000,2429500000000,2429500000000,2429500000000,NaN,NaN,NaN,99.99999836682353,99.99999700884017,NaN,NaN,NaN,NaN,NaN
1985-08-01T00:00:00Z,2444000000000,2444000000000,2444000000000,2444000000000,NaN,NaN,NaN,99.99999847263878,99.99999723282819,NaN,NaN,NaN,NaN,NaN
1985-09-01T00:00:00Z,2456400000000,2456400000000,2456400000000,2456400000000,NaN,NaN,NaN,99.99999855864398,99.99999744900431,NaN,NaN,NaN,NaN,NaN
1985-10-01T00:00:00Z,2468000000000,2468000000000,2468000000000,2468000000000,NaN,NaN,NaN,99.99999863602095,99.99999765930228,NaN,NaN,NaN,NaN,NaN
1985-11-01T00:00:00Z,2477800000000,2477800000000,2477800000000,2477800000000,NaN,NaN,NaN,99.99999869953807,99.99999785184767,NaN,NaN,NaN,NaN,NaN
1985-12-01T00:00:00Z,2492100000000,2492100000000,2492100000000,2492100000000,NaN,NaN,NaN,99.99999878821362,99.99999802939024,NaN,NaN,NaN,NaN,NaN
1986-01-01T00:00:00Z,2502100000000,2502100000000,2502100000000,2502100000000,NaN,NaN,NaN,99.99999884740151,99.99999818183362,NaN,NaN,NaN,NaN,NaN
1986-02-01T00:00:00Z,2512900000000,2512900000000,2512900000000,2512900000000,NaN,NaN,NaN,99.99999890935943,99.99999831116624,NaN,NaN,NaN,NaN,NaN
1986-03-01T00:00:00Z,2533100000000,2533100000000,2533100000000,2533100000000,NaN,NaN,NaN,99.99999901591227,99.99999842404733,NaN,NaN,NaN,NaN,NaN
1986-04-01T00:00:00Z,2557800000000,2557800000000,2557800000000,2557800000000,NaN,NaN,NaN,99.9999991280851,99.99999852763078,NaN,NaN,NaN,NaN,NaN
1986-05-01T00:00:00Z,2584800000000,2584800000000,2584800000000,2584800000000,NaN,NaN,NaN,99.99999923124132,99.9999986296757,NaN,NaN,NaN,NaN,NaN
1986-06-01T00:00:00Z,2605000000000,2605000000000,2605000000000,2605000000000,NaN,NaN,NaN,99.99999929814373,99.9999987298886,NaN,NaN,NaN,NaN,NaN
1986-07-01T00:00:00Z,2626600000000,2626600000000,2626600000000,2626600000000,NaN,NaN,NaN,99.99999936207435,99.9999988248958,NaN,NaN,NaN,NaN,NaN
1986-08-01T00:00:00Z,2646500000000,2646500000000,2646500000000,2646500000000,NaN,NaN,NaN,99.99999941494798,99.99999890921754,NaN,NaN,NaN,NaN,NaN
1986-09-01T00:00:00Z,2667800000000,2667800000000,2667800000000,2667800000000,NaN,NaN,NaN,99.99999946596876,99.99999898772789,NaN,NaN,NaN,NaN,NaN
1986-10-01T00:00:00Z,2687400000000,2687400000000,2687400000000,2687400000000,NaN,NaN,NaN,99.99999950844857,99.99999906171432,NaN,NaN,NaN,NaN,NaN
1986-11-01T00:00:00Z,2701300000000,2701300000000,2701300000000,2701300000000,NaN,NaN,NaN,99.99999953660091,99.99999913156839,NaN,NaN,NaN,NaN,NaN
1986-12-01T00:00:00Z,2728000000000,2728000000000,2728000000000,2728000000000,NaN,NaN,NaN,99.99999958568668,99.99999919940164,NaN,NaN,NaN,NaN,NaN
1987-01-01T00:00:00Z,2743900000000,2743900000000,2743900000000,2743900000000,NaN,NaN,NaN,99.9999996120413,99.99999926458044,NaN,NaN,NaN,NaN,NaN
1987-02-01T00:00:00Z,2747500000000,2747500000000,2747500000000,2747500000000,NaN,NaN,NaN,99.99999961796671,99.99999932384853,NaN,NaN,NaN,NaN,NaN
1987-03-01T00:00:00Z,2753700000000,2753700000000,2753700000000,2753700000000,NaN,NaN,NaN,99.99999962849061,99.99999937964061,NaN,NaN,NaN,NaN,NaN
1987-04-01T00:00:00Z,2767700000000,2767700000000,2767700000000,2767700000000,NaN,NaN,NaN,99.99999965181483,99.99999943267314,NaN,NaN,NaN,NaN,NaN
1987-05-01T00:00:00Z,2772900000000,2772900000000,2772900000000,2772900000000,NaN,NaN,NaN,99.99999966034457,99.99999947870401,NaN,NaN,NaN,NaN,NaN
1987-06-01T00:00:00Z,2774600000000,2774600000000,2774600000000,2774600000000,NaN,NaN,NaN,99.99999966324903,99.99999951693,NaN,NaN,NaN,NaN,NaN
1987-07-01T00:00:00Z,2779000000000,2779000000000,2779000000000,2779000000000,NaN,NaN,NaN,99.99999967108862,99.99999954834767,NaN,NaN,NaN,NaN,NaN
1987-08-01T00:00:00Z,2788200000000,2788200000000,2788200000000,2788200000000,NaN,NaN,NaN,99.99999968747164,99.99999957615681,NaN,NaN,NaN,NaN,NaN
1987-09-01T00:00:00Z,2799500000000,2799500000000,2799500000000,2799500000000,NaN,NaN,NaN,99.99999970678995,99.99999960077935,NaN,NaN,NaN,NaN,NaN
1987-10-01T00:00:00Z,2814800000000,2814800000000,2814800000000,2814800000000,NaN,NaN,NaN,99.99999973103245,99.9999996233568,NaN,NaN,NaN,NaN,NaN
1987-11-01T00:00:00Z,2818900000000,2818900000000,2818900000000,2818900000000,NaN,NaN,NaN,99.99999973730053,99.99999964273766,NaN,NaN,NaN,NaN,NaN
1987-12-01T00:00:00Z,2826400000000,2826400000000,2826400000000,2826400000000,NaN,NaN,NaN,99.9999997488314,99.99999965990786,NaN,NaN,NaN,NaN,NaN
1988-01-01T00:00:00Z,2847400000000,2847400000000,2847400000000,2847400000000,NaN,NaN,NaN,99.9999997781895,99.99999967716418,NaN,NaN,NaN,NaN,NaN
1988-02-01T00:00:00Z,2870400000000,2870400000000,2870400000000,2870400000000,NaN,NaN,NaN,99.9999998050644,99.99999969283401,NaN,NaN,NaN,NaN,NaN
1988-03-01T00:00:00Z,2890700000000,2890700000000,2890700000000,2890700000000,NaN,NaN,NaN,99.99999982519563,99.99999970805933,NaN,NaN,NaN,NaN,NaN
1988-04-01T00:00:00Z,2910700000000,2910700000000,2910700000000,2910700000000,NaN,NaN,NaN,99.99999984245775,99.99999972409442,NaN,NaN,NaN,NaN,NaN
1988-05-01T00:00:00Z,2926000000000,2926000000000,2926000000000,2926000000000,NaN,NaN,NaN,99.99999985431045,99.99999974022441,NaN,NaN,NaN,NaN,NaN
1988-06-01T00:00:00Z,2938400000000,2938400000000,2938400000000,2938400000000,NaN,NaN,NaN,99.99999986328767,99.99999975532963,NaN,NaN,NaN,NaN,NaN
1988-07-01T00:00:00Z,2947200000000,2947200000000,2947200000000,2947200000000,NaN,NaN,NaN,99.99999986943635,99.99999977026474,NaN,NaN,NaN,NaN,NaN
1988-08-01T00:00:00Z,2952000000000,2952000000000,2952000000000,2952000000000,NaN,NaN,NaN,99.99999987279695,99.99999978523246,NaN,NaN,NaN,NaN,NaN
1988-09-01T00:00:00Z,2956900000000,2956900000000,2956900000000,2956900000000,NaN,NaN,NaN,99.9999998762973,99.99999979989022,NaN,NaN,NaN,NaN,NaN
1988-10-01T00:00:00Z,2965300000000,2965300000000,2965300000000,2965300000000,NaN,NaN,NaN,99.99999988227783,99.99999981380495,NaN,NaN,NaN,NaN,NaN
1988-11-01T00:00:00Z,2980200000000,2980200000000,2980200000000,2980200000000,NaN,NaN,NaN,99.99999989223068,99.99999982705071,NaN,NaN,NaN,NaN,NaN
1988-12-01T00:00:00Z,2988200000000,2988200000000,2988200000000,2988200000000,NaN,NaN,NaN,99.99999989725347,99.99999983892364,NaN,NaN,NaN,NaN,NaN
1989-01-01T00:00:00Z,2991700000000,2991700000000,2991700000000,2991700000000,NaN,NaN,NaN,99.9999998994612,99.99999985050655,NaN,NaN,NaN,NaN,NaN
1989-02-01T00:00:00Z,2992200000000,2992200000000,2992200000000,2992200000000,NaN,NaN,NaN,99.99999989979246,99.99999986128948,NaN,NaN,NaN,NaN,NaN
1989-03-01T00:00:00Z,2999700000000,2999700000000,2999700000000,2999700000000,NaN,NaN,NaN,99.9999999048564,99.99999987033712,NaN,NaN,NaN,NaN,NaN
1989-04-01T00:00:00Z,3006000000000,3006000000000,3006000000000,3006000000000,NaN,NaN,NaN,99.99999990901567,99.9999998777622,NaN,NaN,NaN,NaN,NaN
1989-05-01T00:00:00Z,3011600000000,3011600000000,3011600000000,3011600000000,NaN,NaN,NaN,99.99999991267022,99.9999998840104,NaN,NaN,NaN,NaN,NaN
1989-06-01T00:00:00Z,3027900000000,3027900000000,3027900000000,3027900000000,NaN,NaN,NaN,99.99999992243607,99.99999988972313,NaN,NaN,NaN,NaN,NaN
1989-07-01T00:00:00Z,3052400000000,3052400000000,3052400000000,3052400000000,NaN,NaN,NaN,99.99999993432428,99.99999989543839,NaN,NaN,NaN,NaN,NaN
1989-08-01T00:00:00Z,3074400000000,3074400000000,3074400000000,3074400000000,NaN,NaN,NaN,99.99999994280199,99.999999901118,NaN,NaN,NaN,NaN,NaN
1989-09-01T00:00:00Z,3092500000000,3092500000000,3092500000000,3092500000000,NaN,NaN,NaN,99.99999994867237,99.9999999067777,NaN,NaN,NaN,NaN,NaN
1989-10-01T00:00:00Z,3114100000000,3114100000000,3114100000000,3114100000000,NaN,NaN,NaN,99.99999995465356,99.99999991262462,NaN,NaN,NaN,NaN,NaN
1989-11-01T00:00:00Z,3133300000000,3133300000000,3133300000000,3133300000000,NaN,NaN,NaN,99.9999999592043,99.99999991854655,NaN,NaN,NaN,NaN,NaN
1989-12-01T00:00:00Z,3152500000000,3152500000000,3152500000000,3152500000000,NaN,NaN,NaN,99.99999996318327,99.9999999243255,NaN,NaN,NaN,NaN,NaN
1990-01-01T00:00:00Z,3166800000000,3166800000000,3166800000000,3166800000000,NaN,NaN,NaN,99.99999996585449,99.99999992958433,NaN,NaN,NaN,NaN,NaN
1990-02-01T00:00:00Z,3179200000000,3179200000000,3179200000000,3179200000000,NaN,NaN,NaN,99.99999996802117,99.99999993463918,NaN,NaN,NaN,NaN,NaN
1990-03-01T00:00:00Z,3190100000000,3190100000000,3190100000000,3190100000000,NaN,NaN,NaN,99.99999996983325,99.99999993966574,NaN,NaN,NaN,NaN,NaN
1990-04-01T00:00:00Z,3201600000000,3201600000000,3201600000000,3201600000000,NaN,NaN,NaN,99.99999997165801,99.999999944799,NaN,NaN,NaN,NaN,NaN
1990-05-01T00:00:00Z,3200600000000,3200600000000,3200600000000,3200600000000,NaN,NaN,NaN,99.4367392479794,99.95976704073635,NaN,NaN,NaN,NaN,NaN
1990-06-01T00:00:00Z,3213700000000,3213700000000,3213700000000,3213700000000,NaN,NaN,NaN,99.47820286090545,99.9224958230142,NaN,NaN,NaN,NaN,NaN
1990-07-01T00:00:00Z,3224500000000,3224500000000,3224500000000,3224500000000,NaN,NaN,NaN,99.51021400226676,99.88751111512825,NaN,NaN,NaN,NaN,NaN
1990-08-01T00:00:00Z,3242000000000,3242000000000,3242000000000,3242000000000,NaN,NaN,NaN,99.55757670015561,99.85590945639392,NaN,NaN,NaN,NaN,NaN
1990-09-01T00:00:00Z,3254600000000,3254600000000,3254600000000,3254600000000,NaN,NaN,NaN,99.58843590473171,99.82651202570874,NaN,NaN,NaN,NaN,NaN
1990-10-01T00:00:00Z,3259300000000,3259300000000,3259300000000,3259300000000,NaN,NaN,NaN,99.59965337443812,99.79791584225417,NaN,NaN,NaN,NaN,NaN
1990-11-01T00:00:00Z,3262600000000,3262600000000,3262600000000,3262600000000,NaN,NaN,NaN,99.60773753524106,99.76989709843767,NaN,NaN,NaN,NaN,NaN
1990-12-01T00:00:00Z,3271800000000,3271800000000,3271800000000,3271800000000,NaN,NaN,NaN,99.63015940965548,99.74347991665209,NaN,NaN,NaN,NaN,NaN
1991-01-01T00:00:00Z,3287700000000,3287700000000,3287700000000,3287700000000,NaN,NaN,NaN,99.66572226283836,99.71960293834023,NaN,NaN,NaN,NaN,NaN
1991-02-01T00:00:00Z,3304500000000,3304500000000,3304500000000,3304500000000,NaN,NaN,NaN,99.69869022377154,99.69808081409654,NaN,NaN,NaN,NaN,NaN
1991-03-01T00:00:00Z,3321900000000,3321900000000,3321900000000,3321900000000,NaN,NaN,NaN,99.72855077925381,99.6786915864822,NaN,NaN,NaN,NaN,NaN
1991-04-01T00:00:00Z,3332400000000,3332400000000,3332400000000,3332400000000,NaN,NaN,NaN,99.74497526208783,99.6604755360584,NaN,NaN,NaN,NaN,NaN
1991-05-01T00:00:00Z,3343000000000,3343000000000,3343000000000,3343000000000,NaN,NaN,NaN,99.7607157594355,99.64338380674427,NaN,NaN,NaN,NaN,NaN
1991-06-01T00:00:00Z,3351900000000,3351900000000,3351900000000,3351900000000,NaN,NaN,NaN,99.77336410329659,99.62719553043276,NaN,NaN,NaN,NaN,NaN
1991-07-01T00:00:00Z,3356100000000,3356100000000,3356100000000,3356100000000,NaN,NaN,NaN,99.77929307655289,99.65166366104515,NaN,NaN,NaN,NaN,NaN
1991-08-01T00:00:00Z,3355000000000,3355000000000,3355000000000,3355000000000,NaN,NaN,NaN,99.04844596157035,99.62096673966407,NaN,NaN,NaN,NaN,NaN
1991-09-01T00:00:00Z,3354900000000,3354900000000,3354900000000,3354900000000,NaN,NaN,NaN,98.97746948133634,99.58291355959761,NaN,NaN,NaN,NaN,NaN
1991-10-01T00:00:00Z,3360100000000,3360100000000,3360100000000,3360100000000,NaN,NaN,NaN,99.01691921078441,99.54429516749967,NaN,NaN,NaN,NaN,NaN
1991-11-01T00:00:00Z,3365500000000,3365500000000,3365500000000,3365500000000,NaN,NaN,NaN,99.0575810357511,99.50637696257249,NaN,NaN,NaN,NaN,NaN
1991-12-01T00:00:00Z,3372200000000,3372200000000,3372200000000,3372200000000,NaN,NaN,NaN,99.1069376288425,99.47118298074422,NaN,NaN,NaN,NaN,NaN
1992-01-01T00:00:00Z,3381200000000,3381200000000,3381200000000,3381200000000,NaN,NaN,NaN,99.16983304428695,99.43990408853323,NaN,NaN,NaN,NaN,NaN
1992-02-01T00:00:00Z,3400000000000,3400000000000,3400000000000,3400000000000,NaN,NaN,NaN,99.28336886307487,99.41513333520604,NaN,NaN,NaN,NaN,NaN
1992-03-01T00:00:00Z,3403900000000,3403900000000,3403900000000,3403900000000,NaN,NaN,NaN,99.30461520114407,99.38933997365645,NaN,NaN,NaN,NaN,NaN
1992-04-01T00:00:00Z,3399700000000,3399700000000,3399700000000,3399700000000,NaN,NaN,NaN,96.00361634979461,99.12540612551524,NaN,NaN,NaN,NaN,NaN
1992-05-01T00:00:00Z,3398600000000,3398600000000,3398600000000,3398600000000,NaN,NaN,NaN,95.11187529188652,98.79564359070328,NaN,NaN,NaN,NaN,NaN
1992-06-01T00:00:00Z,3393400000000,3393400000000,3393400000000,3393400000000,NaN,NaN,NaN,90.81734836970566,98.15795595553311,NaN,NaN,NaN,NaN,NaN
1992-07-01T00:00:00Z,3393900000000,3393900000000,3393900000000,3393900000000,NaN,NaN,NaN,90.86008243486532,97.52219643234953,NaN,NaN,NaN,NaN,NaN
1992-08-01T00:00:00Z,3398800000000,3398800000000,3398800000000,3398800000000,NaN,NaN,NaN,91.2879761561161,96.91609729326521,NaN,NaN,NaN,NaN,NaN
1992-09-01T00:00:00Z,3410300000000,3410300000000,3410300000000,3410300000000,NaN,NaN,NaN,92.20976346247565,96.37541660654541,NaN,NaN,NaN,NaN,NaN
1992-10-01T00:00:00Z,3423800000000,3423800000000,3423800000000,3423800000000,NaN,NaN,NaN,93.12885990079191,95.95258903077551,NaN,NaN,NaN,NaN,NaN
1992-11-01T00:00:00Z,3426500000000,3426500000000,3426500000000,3426500000000,NaN,NaN,NaN,93.2991368521919,95.5469938429795,NaN,NaN,NaN,NaN,NaN
1992-12-01T00:00:00Z,3424700000000,3424700000000,3424700000000,3424700000000,NaN,NaN,NaN,91.66819245717603,95.02208478915033,NaN,NaN,NaN,NaN,NaN
1993-01-01T00:00:00Z,3419100000000,3419100000000,3419100000000,3419100000000,NaN,NaN,NaN,86.59639891585624,94.13200035201498,NaN,NaN,NaN,NaN,NaN
1993-02-01T00:00:00Z,3414500000000,3414500000000,3414500000000,3414500000000,NaN,NaN,NaN,82.55580679637401,92.94977672112438,NaN,NaN,NaN,NaN,NaN
1993-03-01T00:00:00Z,3411700000000,3411700000000,3411700000000,3411700000000,NaN,NaN,NaN,80.10565364474819,91.58804962115732,NaN,NaN,NaN,NaN,NaN
1993-04-01T00:00:00Z,3411300000000,3411300000000,3411300000000,3411300000000,NaN,NaN,NaN,79.74155676344996,90.19220589975555,NaN,NaN,NaN,NaN,NaN
1993-05-01T00:00:00Z,3436900000000,3436900000000,3436900000000,3436900000000,NaN,NaN,NaN,84.57404247844727,89.14002213384863,NaN,NaN,NaN,NaN,NaN
1993-06-01T00:00:00Z,3442400000000,3442400000000,3442400000000,3442400000000,NaN,NaN,NaN,85.38089243362715,88.38125613983668,NaN,NaN,NaN,NaN,NaN
1993-07-01T00:00:00Z,3442000000000,3442000000000,3442000000000,3442000000000,NaN,NaN,NaN,85.03254883788435,87.66130425026509,NaN,NaN,NaN,NaN,NaN
1993-08-01T00:00:00Z,3445700000000,3445700000000,3445700000000,3445700000000,NaN,NaN,NaN,85.61709675276028,87.28985770619757,NaN,NaN,NaN,NaN,NaN
1993-09-01T00:00:00Z,3452200000000,3452200000000,3452200000000,3452200000000,NaN,NaN,NaN,86.60668953292435,86.98604392748749,NaN,NaN,NaN,NaN,NaN
1993-10-01T00:00:00Z,3456700000000,3456700000000,3456700000000,3456700000000,NaN,NaN,NaN,87.26020552762147,86.69834602545218,NaN,NaN,NaN,NaN,NaN
1993-11-01T00:00:00Z,3470100000000,3470100000000,3470100000000,3470100000000,NaN,NaN,NaN,88.98394404541918,86.46793035280528,NaN,NaN,NaN,NaN,NaN
1993-12-01T00:00:00Z,3474500000000,3474500000000,3474500000000,3474500000000,NaN,NaN,NaN,89.48694682739874,86.20779370470576,NaN,NaN,NaN,NaN,NaN
1994-01-01T00:00:00Z,3474900000000,3474900000000,3474900000000,3474900000000,NaN,NaN,NaN,89.5337341307487,85.93883636745984,NaN,NaN,NaN,NaN,NaN
1994-02-01T00:00:00Z,3475700000000,3475700000000,3475700000000,3475700000000,NaN,NaN,NaN,89.6331057805011,85.79347303341162,NaN,NaN,NaN,NaN,NaN
1994-03-01T00:00:00Z,3480100000000,3480100000000,3480100000000,3480100000000,NaN,NaN,NaN,90.1850632505429,86.04980620017496,NaN,NaN,NaN,NaN,NaN
1994-04-01T00:00:00Z,3481300000000,3481300000000,3481300000000,3481300000000,NaN,NaN,NaN,90.33618220292799,86.6055473006431,NaN,NaN,NaN,NaN,NaN
1994-05-01T00:00:00Z,3490800000000,3490800000000,3490800000000,3490800000000,NaN,NaN,NaN,91.45753365117993,87.41639587253107,NaN,NaN,NaN,NaN,NaN
1994-06-01T00:00:00Z,3479500000000,3479500000000,3479500000000,3479500000000,NaN,NaN,NaN,79.62252730382633,87.40789376827225,NaN,NaN,NaN,NaN,NaN
1994-07-01T00:00:00Z,3488200000000,3488200000000,3488200000000,3488200000000,NaN,NaN,NaN,81.5970492536708,87.19525139507391,NaN,NaN,NaN,NaN,NaN
1994-08-01T00:00:00Z,3485700000000,3485700000000,3485700000000,3485700000000,NaN,NaN,NaN,79.22152067254441,86.7552962692823,NaN,NaN,NaN,NaN,NaN
1994-09-01T00:00:00Z,3486100000000,3486100000000,3486100000000,3486100000000,NaN,NaN,NaN,79.32523316998902,86.34763086443263,NaN,NaN,NaN,NaN,NaN
1994-10-01T00:00:00Z,3484300000000,3484300000000,3484300000000,3484300000000,NaN,NaN,NaN,77.45176698302656,85.76439302373736,NaN,NaN,NaN,NaN,NaN
1994-11-01T00:00:00Z,3487200000000,3487200000000,3487200000000,3487200000000,NaN,NaN,NaN,78.3393640947414,85.17386977815286,NaN,NaN,NaN,NaN,NaN
1994-12-01T00:00:00Z,3486400000000,3486400000000,3486400000000,3486400000000,NaN,NaN,NaN,77.43381769088572,84.47198493267173,NaN,NaN,NaN,NaN,NaN
1995-01-01T00:00:00Z,3492400000000,3492400000000,3492400000000,3492400000000,NaN,NaN,NaN,79.36076650831512,83.78461510859289,NaN,NaN,NaN,NaN,NaN
1995-02-01T00:00:00Z,3489900000000,3489900000000,3489900000000,3489900000000,NaN,NaN,NaN,76.43215585365212,82.85213003903955,NaN,NaN,NaN,NaN,NaN
1995-03-01T00:00:00Z,3491100000000,3491100000000,3491100000000,3491100000000,NaN,NaN,NaN,76.87331480301573,81.9478143727729,NaN,NaN,NaN,NaN,NaN
1995-04-01T00:00:00Z,3499200000000,3499200000000,3499200000000,3499200000000,NaN,NaN,NaN,79.64326418552866,81.23425425884632,NaN,NaN,NaN,NaN,NaN
1995-05-01T00:00:00Z,3524200000000,3524200000000,3524200000000,3524200000000,NaN,NaN,NaN,85.43977073345232,80.89530479333983,NaN,NaN,NaN,NaN,NaN
1995-06-01T00:00:00Z,3548900000000,3548900000000,3548900000000,3548900000000,NaN,NaN,NaN,88.82535455542241,80.78738853280372,NaN,NaN,NaN,NaN,NaN
1995-07-01T00:00:00Z,3567400000000,3567400000000,3567400000000,3567400000000,NaN,NaN,NaN,90.5901949710201,80.72543576993516,NaN,NaN,NaN,NaN,NaN
1995-08-01T00:00:00Z,3589000000000,3589000000000,3589000000000,3589000000000,NaN,NaN,NaN,92.1492143522407,81.62019913053618,NaN,NaN,NaN,NaN,NaN
1995-09-01T00:00:00Z,3602100000000,3602100000000,3602100000000,3602100000000,NaN,NaN,NaN,92.91580517139805,82.4286816960881,NaN,NaN,NaN,NaN,NaN
1995-10-01T00:00:00Z,3613400000000,3613400000000,3613400000000,3613400000000,NaN,NaN,NaN,93.50495342515795,83.44892689270337,NaN,NaN,NaN,NaN,NaN
1995-11-01T00:00:00Z,3619900000000,3619900000000,3619900000000,3619900000000,NaN,NaN,NaN,93.82316759361107,84.48449363724778,NaN,NaN,NaN,NaN,NaN
1995-12-01T00:00:00Z,3629500000000,3629500000000,3629500000000,3629500000000,NaN,NaN,NaN,94.26970398658644,85.68577485178777,NaN,NaN,NaN,NaN,NaN
1996-01-01T00:00:00Z,3647900000000,3647900000000,3647900000000,3647900000000,NaN,NaN,NaN,95.01374488745748,86.87680205126749,NaN,NaN,NaN,NaN,NaN
1996-02-01T00:00:00Z,3661800000000,3661800000000,3661800000000,3661800000000,NaN,NaN,NaN,95.4901371985299,88.16653915895635,NaN,NaN,NaN,NaN,NaN
1996-03-01T00:00:00Z,3687000000000,3687000000000,3687000000000,3687000000000,NaN,NaN,NaN,96.19913256291859,89.36927959142804,NaN,NaN,NaN,NaN,NaN
1996-04-01T00:00:00Z,3697800000000,3697800000000,3697800000000,3697800000000,NaN,NaN,NaN,96.45626076917,90.79957279967932,NaN,NaN,NaN,NaN,NaN
1996-05-01T00:00:00Z,3709600000000,3709600000000,3709600000000,3709600000000,NaN,NaN,NaN,96.7175424998669,92.21701763516869,NaN,NaN,NaN,NaN,NaN
1996-06-01T00:00:00Z,3722500000000,3722500000000,3722500000000,3722500000000,NaN,NaN,NaN,96.97971525783532,93.45533556890487,NaN,NaN,NaN,NaN,NaN
1996-07-01T00:00:00Z,3737200000000,3737200000000,3737200000000,3737200000000,NaN,NaN,NaN,97.24932752050252,94.29887533940847,NaN,NaN,NaN,NaN,NaN
1996-08-01T00:00:00Z,3744100000000,3744100000000,3744100000000,3744100000000,NaN,NaN,NaN,97.36808999212178,94.90907072774414,NaN,NaN,NaN,NaN,NaN
1996-09-01T00:00:00Z,3753500000000,3753500000000,3753500000000,3753500000000,NaN,NaN,NaN,97.5248737763683,95.40440492812616,NaN,NaN,NaN,NaN,NaN
1996-10-01T00:00:00Z,3770900000000,3770900000000,3770900000000,3770900000000,NaN,NaN,NaN,97.78759805964287,95.80714662151203,NaN,NaN,NaN,NaN,NaN
1996-11-01T00:00:00Z,3790000000000,3790000000000,3790000000000,3790000000000,NaN,NaN,NaN,98.03425777873055,96.17275037917862,NaN,NaN,NaN,NaN,NaN
1996-12-01T00:00:00Z,3810400000000,3810400000000,3810400000000,3810400000000,NaN,NaN,NaN,98.25768786210817,96.51223141038936,NaN,NaN,NaN,NaN,NaN
1997-01-01T00:00:00Z,3824600000000,3824600000000,3824600000000,3824600000000,NaN,NaN,NaN,98.39448363537903,96.83875398480134,NaN,NaN,NaN,NaN,NaN
1997-02-01T00:00:00Z,3836300000000,3836300000000,3836300000000,3836300000000,NaN,NaN,NaN,98.49905070520413,97.14085017898833,NaN,NaN,NaN,NaN,NaN
1997-03-01T00:00:00Z,3851200000000,3851200000000,3851200000000,3851200000000,NaN,NaN,NaN,98.62212701783034,97.39859175972926,NaN,NaN,NaN,NaN,NaN
1997-04-01T00:00:00Z,3867200000000,3867200000000,3867200000000,3867200000000,NaN,NaN,NaN,98.74146837840395,97.63082970114883,NaN,NaN,NaN,NaN,NaN
1997-05-01T00:00:00Z,3879100000000,3879100000000,3879100000000,3879100000000,NaN,NaN,NaN,98.8231131138431,97.8182568833577,NaN,NaN,NaN,NaN,NaN
1997-06-01T00:00:00Z,3895800000000,3895800000000,3895800000000,3895800000000,NaN,NaN,NaN,98.92819635881126,97.99482371118924,NaN,NaN,NaN,NaN,NaN
1997-07-01T00:00:00Z,3913800000000,3913800000000,3913800000000,3913800000000,NaN,NaN,NaN,99.02884922158987,98.15991704845517,NaN,NaN,NaN,NaN,NaN
1997-08-01T00:00:00Z,3947300000000,3947300000000,3947300000000,3947300000000,NaN,NaN,NaN,99.18268500146974,98.31727203014334,NaN,NaN,NaN,NaN,NaN
1997-09-01T00:00:00Z,3963000000000,3963000000000,3963000000000,3963000000000,NaN,NaN,NaN,99.24319075221403,98.45969083240844,NaN,NaN,NaN,NaN,NaN
1997-10-01T00:00:00Z,3982100000000,3982100000000,3982100000000,3982100000000,NaN,NaN,NaN,99.31010359276509,98.59840608959725,NaN,NaN,NaN,NaN,NaN
1997-11-01T00:00:00Z,4004600000000,4004600000000,4004600000000,4004600000000,NaN,NaN,NaN,99.37968153490337,98.73089235806404,NaN,NaN,NaN,NaN,NaN
1997-12-01T00:00:00Z,4022800000000,4022800000000,4022800000000,4022800000000,NaN,NaN,NaN,99.4297778023966,98.84819091111788,NaN,NaN,NaN,NaN,NaN
1998-01-01T00:00:00Z,4046100000000,4046100000000,4046100000000,4046100000000,NaN,NaN,NaN,99.48690674456793,98.95195155153483,NaN,NaN,NaN,NaN,NaN
1998-02-01T00:00:00Z,4078800000000,4078800000000,4078800000000,4078800000000,NaN,NaN,NaN,99.55438291295972,99.04457262659564,NaN,NaN,NaN,NaN,NaN
1998-03-01T00:00:00Z,4104300000000,4104300000000,4104300000000,4104300000000,NaN,NaN,NaN,99.59870268083073,99.13058827269934,NaN,NaN,NaN,NaN,NaN
1998-04-01T00:00:00Z,4130100000000.0005,4130100000000.0005,4130100000000.0005,4130100000000.0005,NaN,NaN,NaN,99.63793845701635,99.21193739782879,NaN,NaN,NaN,NaN,NaN
1998-05-01T00:00:00Z,4154000000000,4154000000000,4154000000000,4154000000000,NaN,NaN,NaN,99.67011513870538,99.286793692177,NaN,NaN,NaN,NaN,NaN
1998-06-01T00:00:00Z,4173800000000,4173800000000,4173800000000,4173800000000,NaN,NaN,NaN,99.69434972549358,99.35485664554055,NaN,NaN,NaN,NaN,NaN
1998-07-01T00:00:00Z,4193500000000,4193500000000,4193500000000,4193500000000,NaN,NaN,NaN,99.71665342570077,99.4186809535304,NaN,NaN,NaN,NaN,NaN
1998-08-01T00:00:00Z,4218500000000,4218500000000,4218500000000,4218500000000,NaN,NaN,NaN,99.74234814449437,99.47683465250775,NaN,NaN,NaN,NaN,NaN
1998-09-01T00:00:00Z,4257399999999.9995,4257399999999.9995,4257399999999.9995,4257399999999.9995,NaN,NaN,NaN,99.77633549068874,99.53022652887195,NaN,NaN,NaN,NaN,NaN
1998-10-01T00:00:00Z,4297500000000,4297500000000,4297500000000,4297500000000,NaN,NaN,NaN,99.80490538981225,99.57467084232499,NaN,NaN,NaN,NaN,NaN
1998-11-01T00:00:00Z,4336100000000.0005,4336100000000.0005,4336100000000.0005,4336100000000.0005,NaN,NaN,NaN,99.82771819348422,99.61642280241573,NaN,NaN,NaN,NaN,NaN
1998-12-01T00:00:00Z,4365000000000,4365000000000,4365000000000,4365000000000,NaN,NaN,NaN,99.84256177799509,99.65445552993216,NaN,NaN,NaN,NaN,NaN
1999-01-01T00:00:00Z,4392399999999.9995,4392399999999.9995,4392399999999.9995,4392399999999.9995,NaN,NaN,NaN,99.85529182055404,99.68842769319292,NaN,NaN,NaN,NaN,NaN
1999-02-01T00:00:00Z,4415200000000,4415200000000,4415200000000,4415200000000,NaN,NaN,NaN,99.86506872290343,99.71951990180055,NaN,NaN,NaN,NaN,NaN
1999-03-01T00:00:00Z,4422000000000,4422000000000,4422000000000,4422000000000,NaN,NaN,NaN,99.86793458990005,99.74673617646714,NaN,NaN,NaN,NaN,NaN
1999-04-01T00:00:00Z,4450600000000,4450600000000,4450600000000,4450600000000,NaN,NaN,NaN,99.87952459431655,99.76996058227834,NaN,NaN,NaN,NaN,NaN
1999-05-01T00:00:00Z,4474900000000,4474900000000,4474900000000,4474900000000,NaN,NaN,NaN,99.8884797506672,99.79065894440951,NaN,NaN,NaN,NaN,NaN
1999-06-01T00:00:00Z,4496700000000,4496700000000,4496700000000,4496700000000,NaN,NaN,NaN,99.89595187254984,99.80908847409047,NaN,NaN,NaN,NaN,NaN
1999-07-01T00:00:00Z,4523900000000,4523900000000,4523900000000,4523900000000,NaN,NaN,NaN,99.90454563059963,99.82583350922577,NaN,NaN,NaN,NaN,NaN
1999-08-01T00:00:00Z,4541200000000,4541200000000,4541200000000,4541200000000,NaN,NaN,NaN,99.9096566432856,99.84121257478236,NaN,NaN,NaN,NaN,NaN
1999-09-01T00:00:00Z,4557200000000,4557200000000,4557200000000,4557200000000,NaN,NaN,NaN,99.91423070029343,99.85532523725327,NaN,NaN,NaN,NaN,NaN
1999-10-01T00:00:00Z,4580900000000,4580900000000,4580900000000,4580900000000,NaN,NaN,NaN,99.92064012939669,99.868060379032,NaN,NaN,NaN,NaN,NaN
1999-11-01T00:00:00Z,4599900000000,4599900000000,4599900000000,4599900000000,NaN,NaN,NaN,99.92544991340901,99.8787114092263,NaN,NaN,NaN,NaN,NaN
1999-12-01T00:00:00Z,4627400000000,4627400000000,4627400000000,4627400000000,NaN,NaN,NaN,99.93188468544997,99.88778135891471,NaN,NaN,NaN,NaN,NaN
2000-01-01T00:00:00Z,4655700000000,4655700000000,4655700000000,4655700000000,NaN,NaN,NaN,99.93783161788423,99.8956466035147,NaN,NaN,NaN,NaN,NaN
2000-02-01T00:00:00Z,4669000000000,4669000000000,4669000000000,4669000000000,NaN,NaN,NaN,99.94046242651054,99.9026395069801,NaN,NaN,NaN,NaN,NaN
2000-03-01T00:00:00Z,4699800000000,4699800000000,4699800000000,4699800000000,NaN,NaN,NaN,99.94614599925352,99.90912909117291,NaN,NaN,NaN,NaN,NaN
2000-04-01T00:00:00Z,4755600000000,4755600000000,4755600000000,4755600000000,NaN,NaN,NaN,99.9546015103319,99.91552429027497,NaN,NaN,NaN,NaN,NaN
2000-05-01T00:00:00Z,4743100000000,4743100000000,4743100000000,4743100000000,NaN,NaN,NaN,96.30673410571215,99.66115282711868,NaN,NaN,NaN,NaN,NaN
2000-06-01T00:00:00Z,4760900000000,4760900000000,4760900000000,4760900000000,NaN,NaN,NaN,96.50247934671108,99.41993530943257,NaN,NaN,NaN,NaN,NaN
2000-07-01T00:00:00Z,4778400000000,4778400000000,4778400000000,4778400000000,NaN,NaN,NaN,96.6883163567682,99.19135220986836,NaN,NaN,NaN,NaN,NaN
2000-08-01T00:00:00Z,4806600000000,4806600000000,4806600000000,4806600000000,NaN,NaN,NaN,96.96789966126703,98.98220562334815,NaN,NaN,NaN,NaN,NaN
2000-09-01T00:00:00Z,4842200000000,4842200000000,4842200000000,4842200000000,NaN,NaN,NaN,97.28007906284125,98.79474372565112,NaN,NaN,NaN,NaN,NaN
2000-10-01T00:00:00Z,4858200000000,4858200000000,4858200000000,4858200000000,NaN,NaN,NaN,97.40918656625934,98.61613872014925,NaN,NaN,NaN,NaN,NaN
2000-11-01T00:00:00Z,4869000000000,4869000000000,4869000000000,4869000000000,NaN,NaN,NaN,97.49560117166465,98.44337946810434,NaN,NaN,NaN,NaN,NaN
2000-12-01T00:00:00Z,4913700000000,4913700000000,4913700000000,4913700000000,NaN,NaN,NaN,97.81973785001024,98.29331501957674,NaN,NaN,NaN,NaN,NaN
2001-01-01T00:00:00Z,4964300000000,4964300000000,4964300000000,4964300000000,NaN,NaN,NaN,98.11685996562255,98.16413002330627,NaN,NaN,NaN,NaN,NaN
2001-02-01T00:00:00Z,5002600000000,5002600000000,5002600000000,5002600000000,NaN,NaN,NaN,98.30513561633408,98.04793366122657,NaN,NaN,NaN,NaN,NaN
2001-03-01T00:00:00Z,5060400000000,5060400000000,5060400000000,5060400000000,NaN,NaN,NaN,98.54203896806426,97.94823418623942,NaN,NaN,NaN,NaN,NaN
2001-04-01T00:00:00Z,5124400000000,5124400000000,5124400000000,5124400000000,NaN,NaN,NaN,98.75032911338812,97.86322466387352,NaN,NaN,NaN,NaN,NaN
2001-05-01T00:00:00Z,5121100000000,5121100000000,5121100000000,5121100000000,NaN,NaN,NaN,97.97310133918485,97.72229290244005,NaN,NaN,NaN,NaN,NaN
2001-06-01T00:00:00Z,5161300000000,5161300000000,5161300000000,5161300000000,NaN,NaN,NaN,98.16279949652598,97.59430704431104,NaN,NaN,NaN,NaN,NaN
2001-07-01T00:00:00Z,5191300000000,5191300000000,5191300000000,5191300000000,NaN,NaN,NaN,98.2913198016845,97.73606316545192,NaN,NaN,NaN,NaN,NaN
2001-08-01T00:00:00Z,5225200000000,5225200000000,5225200000000,5225200000000,NaN,NaN,NaN,98.42536697913525,97.87341228205366,NaN,NaN,NaN,NaN,NaN
2001-09-01T00:00:00Z,5336300000000,5336300000000,5336300000000,5336300000000,NaN,NaN,NaN,98.76681473222423,98.02187645172909,NaN,NaN,NaN,NaN,NaN
2001-10-01T00:00:00Z,5324900000000,5324900000000,5324900000000,5324900000000,NaN,NaN,NaN,96.45556086391,97.98528082334644,NaN,NaN,NaN,NaN,NaN
2001-11-01T00:00:00Z,5368500000000,5368500000000,5368500000000,5368500000000,NaN,NaN,NaN,96.76715403878566,97.94864332162818,NaN,NaN,NaN,NaN,NaN
2001-12-01T00:00:00Z,5421600000000,5421600000000,5421600000000,5421600000000,NaN,NaN,NaN,97.10136911977092,97.92665636116473,NaN,NaN,NaN,NaN,NaN
2002-01-01T00:00:00Z,5442000000000,5442000000000,5442000000000,5442000000000,NaN,NaN,NaN,97.22026446172374,97.90698945331181,NaN,NaN,NaN,NaN,NaN
2002-02-01T00:00:00Z,5471400000000,5471400000000,5471400000000,5471400000000,NaN,NaN,NaN,97.38663407107153,97.87605346910189,NaN,NaN,NaN,NaN,NaN
2002-03-01T00:00:00Z,5483400000000,5483400000000,5483400000000,5483400000000,NaN,NaN,NaN,97.45362432038482,97.82867949444207,NaN,NaN,NaN,NaN,NaN
2002-04-01T00:00:00Z,5483500000000,5483500000000,5483500000000,5483500000000,NaN,NaN,NaN,97.45420996936053,97.76789909108682,NaN,NaN,NaN,NaN,NaN
2002-05-01T00:00:00Z,5509400000000,5509400000000,5509400000000,5509400000000,NaN,NaN,NaN,97.60767835591037,97.70115904736153,NaN,NaN,NaN,NaN,NaN
2002-06-01T00:00:00Z,5534300000000,5534300000000,5534300000000,5534300000000,NaN,NaN,NaN,97.74822046908022,97.6295798584824,NaN,NaN,NaN,NaN,NaN
2002-07-01T00:00:00Z,5576900000000,5576900000000,5576900000000,5576900000000,NaN,NaN,NaN,97.96814540338343,97.629225863068,NaN,NaN,NaN,NaN,NaN
2002-08-01T00:00:00Z,5619400000000,5619400000000,5619400000000,5619400000000,NaN,NaN,NaN,98.16110627373477,97.62910491858293,NaN,NaN,NaN,NaN,NaN
2002-09-01T00:00:00Z,5643700000000,5643700000000,5643700000000,5643700000000,NaN,NaN,NaN,98.26269703425709,97.62706043519525,NaN,NaN,NaN,NaN,NaN
2002-10-01T00:00:00Z,5688300000000,5688300000000,5688300000000,5688300000000,NaN,NaN,NaN,98.43372916634168,97.62765773428141,NaN,NaN,NaN,NaN,NaN
2002-11-01T00:00:00Z,5738400000000,5738400000000,5738400000000,5738400000000,NaN,NaN,NaN,98.60041166883398,97.6157718011821,NaN,NaN,NaN,NaN,NaN
2002-12-01T00:00:00Z,5759700000000,5759700000000,5759700000000,5759700000000,NaN,NaN,NaN,98.66543788799513,97.77362016004533,NaN,NaN,NaN,NaN,NaN
2003-01-01T00:00:00Z,5792300000000,5792300000000,5792300000000,5792300000000,NaN,NaN,NaN,98.76036793011818,97.91599258085479,NaN,NaN,NaN,NaN,NaN
2003-02-01T00:00:00Z,5828500000000,5828500000000,5828500000000,5828500000000,NaN,NaN,NaN,98.8575482663458,98.04143394846729,NaN,NaN,NaN,NaN,NaN
2003-03-01T00:00:00Z,5849300000000,5849300000000,5849300000000,5849300000000,NaN,NaN,NaN,98.91040381856324,98.16215818824152,NaN,NaN,NaN,NaN,NaN
2003-04-01T00:00:00Z,5886500000000,5886500000000,5886500000000,5886500000000,NaN,NaN,NaN,98.99955182544788,98.2773665992684,NaN,NaN,NaN,NaN,NaN
2003-05-01T00:00:00Z,5946600000000,5946600000000,5946600000000,5946600000000,NaN,NaN,NaN,99.12422042808544,98.39669489267558,NaN,NaN,NaN,NaN,NaN
2003-06-01T00:00:00Z,5983300000000,5983300000000,5983300000000,5983300000000,NaN,NaN,NaN,99.1905530497511,98.52071939841778,NaN,NaN,NaN,NaN,NaN
2003-07-01T00:00:00Z,6030000000000,6030000000000,6030000000000,6030000000000,NaN,NaN,NaN,99.26666776497109,98.6392186419221,NaN,NaN,NaN,NaN,NaN
2003-08-01T00:00:00Z,6088200000000,6088200000000,6088200000000,6088200000000,NaN,NaN,NaN,99.34884565159597,98.7535490121018,NaN,NaN,NaN,NaN,NaN
2003-09-01T00:00:00Z,6060100000000,6060100000000,6060100000000,6060100000000,NaN,NaN,NaN,93.87881440103104,98.46145394050521,NaN,NaN,NaN,NaN,NaN
2003-10-01T00:00:00Z,6050900000000,6050900000000,6050900000000,6050900000000,NaN,NaN,NaN,92.09104873785365,98.02787840222798,NaN,NaN,NaN,NaN,NaN
2003-11-01T00:00:00Z,6056100000000,6056100000000,6056100000000,6056100000000,NaN,NaN,NaN,92.18167558724747,97.59351972744157,NaN,NaN,NaN,NaN,NaN
2003-12-01T00:00:00Z,6054200000000,6054200000000,6054200000000,6054200000000,NaN,NaN,NaN,91.76790108753524,97.11738915038396,NaN,NaN,NaN,NaN,NaN
2004-01-01T00:00:00Z,6062700000000,6062700000000,6062700000000,6062700000000,NaN,NaN,NaN,91.94215716145811,96.64179954271425,NaN,NaN,NaN,NaN,NaN
2004-02-01T00:00:00Z,6101600000000,6101600000000,6101600000000,6101600000000,NaN,NaN,NaN,92.70338416392019,96.21593856242319,NaN,NaN,NaN,NaN,NaN
2004-03-01T00:00:00Z,6137400000000,6137400000000,6137400000000,6137400000000,NaN,NaN,NaN,93.32807437131767,95.82791759393744,NaN,NaN,NaN,NaN,NaN
2004-04-01T00:00:00Z,6178400000000,6178400000000,6178400000000,6178400000000,NaN,NaN,NaN,93.96528829576363,95.47847045318157,NaN,NaN,NaN,NaN,NaN
2004-05-01T00:00:00Z,6255000000000,6255000000000,6255000000000,6255000000000,NaN,NaN,NaN,94.93800311187383,95.19472754556091,NaN,NaN,NaN,NaN,NaN
2004-06-01T00:00:00Z,6257300000000,6257300000000,6257300000000,6257300000000,NaN,NaN,NaN,94.96424994556446,94.9064916969978,NaN,NaN,NaN,NaN,NaN
2004-07-01T00:00:00Z,6271000000000,6271000000000,6271000000000,6271000000000,NaN,NaN,NaN,95.12635131367321,94.62092961739692,NaN,NaN,NaN,NaN,NaN
2004-08-01T00:00:00Z,6297100000000,6297100000000,6297100000000,6297100000000,NaN,NaN,NaN,95.42828155470067,94.35219593917905,NaN,NaN,NaN,NaN,NaN
2004-09-01T00:00:00Z,6331700000000,6331700000000,6331700000000,6331700000000,NaN,NaN,NaN,95.79977033856437,94.10456040872143,NaN,NaN,NaN,NaN,NaN
2004-10-01T00:00:00Z,6359900000000,6359900000000,6359900000000,6359900000000,NaN,NaN,NaN,96.07939592611567,93.87102828547283,NaN,NaN,NaN,NaN,NaN
2004-11-01T00:00:00Z,6386400000000,6386400000000,6386400000000,6386400000000,NaN,NaN,NaN,96.32686568251569,94.04588909129316,NaN,NaN,NaN,NaN,NaN
2004-12-01T00:00:00Z,6405000000000,6405000000000,6405000000000,6405000000000,NaN,NaN,NaN,96.49413492703815,94.3603952476635,NaN,NaN,NaN,NaN,NaN
2005-01-01T00:00:00Z,6411200000000,6411200000000,6411200000000,6411200000000,NaN,NaN,NaN,96.55052411333703,94.67245585666988,NaN,NaN,NaN,NaN,NaN
2005-02-01T00:00:00Z,6419600000000,6419600000000,6419600000000,6419600000000,NaN,NaN,NaN,96.62961962275509,95.01972146632845,NaN,NaN,NaN,NaN,NaN
2005-03-01T00:00:00Z,6428600000000,6428600000000,6428600000000,6428600000000,NaN,NaN,NaN,96.71649258336936,95.3607454250364,NaN,NaN,NaN,NaN,NaN
2005-04-01T00:00:00Z,6442600000000,6442600000000,6442600000000,6442600000000,NaN,NaN,NaN,96.8524036879886,95.65710396246985,NaN,NaN,NaN,NaN,NaN
2005-05-01T00:00:00Z,6459900000000,6459900000000,6459900000000,6459900000000,NaN,NaN,NaN,97.01673184470147,95.920579496283,NaN,NaN,NaN,NaN,NaN
2005-06-01T00:00:00Z,6492300000000,6492300000000,6492300000000,6492300000000,NaN,NaN,NaN,97.30093558891419,96.15884001722232,NaN,NaN,NaN,NaN,NaN
2005-07-01T00:00:00Z,6523900000000,6523900000000,6523900000000,6523900000000,NaN,NaN,NaN,97.54644084368066,96.34515699806568,NaN,NaN,NaN,NaN,NaN
2005-08-01T00:00:00Z,6556600000000,6556600000000,6556600000000,6556600000000,NaN,NaN,NaN,97.7722584038588,96.54572903080097,NaN,NaN,NaN,NaN,NaN
2005-09-01T00:00:00Z,6590700000000,6590700000000,6590700000000,6590700000000,NaN,NaN,NaN,97.98094764838423,96.74962876899461,NaN,NaN,NaN,NaN,NaN
2005-10-01T00:00:00Z,6624700000000,6624700000000,6624700000000,6624700000000,NaN,NaN,NaN,98.1654778414333,96.94514278947551,NaN,NaN,NaN,NaN,NaN
2005-11-01T00:00:00Z,6641200000000,6641200000000,6641200000000,6641200000000,NaN,NaN,NaN,98.24910910364213,97.12009555840963,NaN,NaN,NaN,NaN,NaN
2005-12-01T00:00:00Z,6668000000000,6668000000000,6668000000000,6668000000000,NaN,NaN,NaN,98.37841572026237,97.28431125799155,NaN,NaN,NaN,NaN,NaN
2006-01-01T00:00:00Z,6710500000000,6710500000000,6710500000000,6710500000000,NaN,NaN,NaN,98.56003146109371,97.44382309931855,NaN,NaN,NaN,NaN,NaN
2006-02-01T00:00:00Z,6734800000000,6734800000000,6734800000000,6734800000000,NaN,NaN,NaN,98.65292945345982,97.59802270834867,NaN,NaN,NaN,NaN,NaN
2006-03-01T00:00:00Z,6749300000000,6749300000000,6749300000000,6749300000000,NaN,NaN,NaN,98.70655215124867,97.75202471105665,NaN,NaN,NaN,NaN,NaN
2006-04-01T00:00:00Z,6786400000000,6786400000000,6786400000000,6786400000000,NaN,NaN,NaN,98.83440133282548,97.9095091189188,NaN,NaN,NaN,NaN,NaN
2006-05-01T00:00:00Z,6793000000000,6793000000000,6793000000000,6793000000000,NaN,NaN,NaN,98.85606368371741,98.06233562608654,NaN,NaN,NaN,NaN,NaN
2006-06-01T00:00:00Z,6831000000000,6831000000000,6831000000000,6831000000000,NaN,NaN,NaN,98.97426347484664,98.21389703943353,NaN,NaN,NaN,NaN,NaN
2006-07-01T00:00:00Z,6872500000000,6872500000000,6872500000000,6872500000000,NaN,NaN,NaN,99.0854087686433,98.36165967685795,NaN,NaN,NaN,NaN,NaN
2006-08-01T00:00:00Z,6903300000000,6903300000000,6903300000000,6903300000000,NaN,NaN,NaN,99.15830380003749,98.49432883479533,NaN,NaN,NaN,NaN,NaN
2006-09-01T00:00:00Z,6930500000000,6930500000000,6930500000000,6930500000000,NaN,NaN,NaN,99.2176096139086,98.61369803266874,NaN,NaN,NaN,NaN,NaN
2006-10-01T00:00:00Z,6979500000000,6979500000000,6979500000000,6979500000000,NaN,NaN,NaN,99.31169738544106,98.72365795992462,NaN,NaN,NaN,NaN,NaN
2006-11-01T00:00:00Z,7014300000000,7014300000000,7014300000000,7014300000000,NaN,NaN,NaN,99.36967276453883,98.82285261107852,NaN,NaN,NaN,NaN,NaN
2006-12-01T00:00:00Z,7057500000000,7057500000000,7057500000000,7057500000000,NaN,NaN,NaN,99.43346662231511,98.91342323828437,NaN,NaN,NaN,NaN,NaN
2007-01-01T00:00:00Z,7095500000000,7095500000000,7095500000000,7095500000000,NaN,NaN,NaN,99.48303018458228,99.0015604583515,NaN,NaN,NaN,NaN,NaN
2007-02-01T00:00:00Z,7111300000000,7111300000000,7111300000000,7111300000000,43.49843453479252,NaN,NaN,99.50251840585686,99.08185350732255,NaN,NaN,NaN,NaN,NaN
2007-03-01T00:00:00Z,7145100000000,7145100000000,7145100000000,7145100000000,44.219948893009494,NaN,NaN,99.54227051709904,99.15201343989436,NaN,NaN,NaN,NaN,NaN
2007-04-01T00:00:00Z,7217400000000,7217400000000,7217400000000,7217400000000,44.969073286532954,NaN,NaN,99.61342790026545,99.22062047180904,NaN,NaN,NaN,NaN,NaN
2007-05-01T00:00:00Z,7231000000000,7231000000000,7231000000000,7231000000000,45.013577648366024,NaN,NaN,99.62523005043789,99.28624032175112,NaN,NaN,NaN,NaN,NaN
2007-06-01T00:00:00Z,7264200000000,7264200000000,7264200000000,7264200000000,45.52878697017072,NaN,NaN,99.65307521664735,99.3447170277384,NaN,NaN,NaN,NaN,NaN
2007-07-01T00:00:00Z,7294500000000,7294500000000,7294500000000,7294500000000,46.52889989001448,NaN,NaN,99.67668541212447,99.40333286548176,NaN,NaN,NaN,NaN,NaN
2007-08-01T00:00:00Z,7370900000000,7370900000000,7370900000000,7370900000000,46.86061926518846,NaN,NaN,99.72711440367148,99.45710793182639,NaN,NaN,NaN,NaN,NaN
2007-09-01T00:00:00Z,7389200000000,7389200000000,7389200000000,7389200000000,48.60565220642477,NaN,NaN,99.73766912579849,99.50369795733748,NaN,NaN,NaN,NaN,NaN
2007-10-01T00:00:00Z,7402800000000,7402800000000,7402800000000,7402800000000,49.58094174017685,NaN,NaN,99.74554589560566,99.54564382130663,NaN,NaN,NaN,NaN,NaN
2007-11-01T00:00:00Z,7427800000000,7427800000000,7427800000000,7427800000000,50.33569779797065,NaN,NaN,99.75982224946014,99.5843732952746,NaN,NaN,NaN,NaN,NaN
2007-12-01T00:00:00Z,7458000000000,7458000000000,7458000000000,7458000000000,50.4425459431792,NaN,NaN,99.77616017171073,99.61754920857958,NaN,NaN,NaN,NaN,NaN
2008-01-01T00:00:00Z,7491800000000,7491800000000,7491800000000,7491800000000,52.107760047839406,NaN,NaN,99.79312200502915,99.64779558290032,NaN,NaN,NaN,NaN,NaN
2008-02-01T00:00:00Z,7576500000000,7576500000000,7576500000000,7576500000000,53.4135223714155,NaN,NaN,99.82824531341396,99.67599406083595,NaN,NaN,NaN,NaN,NaN
2008-03-01T00:00:00Z,7642500000000,7642500000000,7642500000000,7642500000000,54.89614632946596,NaN,NaN,99.84966384812563,99.70218217966047,NaN,NaN,NaN,NaN,NaN
2008-04-01T00:00:00Z,7685200000000,7685200000000,7685200000000,7685200000000,54.66944648700227,NaN,NaN,99.8616817656576,99.7278367053605,NaN,NaN,NaN,NaN,NaN
2008-05-01T00:00:00Z,7697100000000,7697100000000,7697100000000,7697100000000,54.748544925108526,NaN,NaN,99.86492256662423,99.75088328032659,NaN,NaN,NaN,NaN,NaN
2008-06-01T00:00:00Z,7714600000000,7714600000000,7714600000000,7714600000000,55.206278686061175,NaN,NaN,99.86975547079871,99.76919239250755,NaN,NaN,NaN,NaN,NaN
2008-07-01T00:00:00Z,7761000000000,7761000000000,7761000000000,7761000000000,55.193007669920235,NaN,NaN,99.88182815941732,99.78752082886322,NaN,NaN,NaN,NaN,NaN
2008-08-01T00:00:00Z,7776000000000,7776000000000,7776000000000,7776000000000,53.15780658564867,NaN,NaN,99.8855223819706,99.80412419781487,NaN,NaN,NaN,NaN,NaN
2008-09-01T00:00:00Z,7845900000000,7845900000000,7845900000000,7845900000000,52.34565884344876,NaN,NaN,99.90104661986561,99.82014999836781,NaN,NaN,NaN,NaN,NaN
2008-10-01T00:00:00Z,7954000000000,7954000000000,7954000000000,7954000000000,50.587271927789104,NaN,NaN,99.91927783814843,99.83387595797332,NaN,NaN,NaN,NaN,NaN
2008-11-01T00:00:00Z,8004600000000,8004600000000,8004600000000,8004600000000,50.6376264909741,NaN,NaN,99.92613772920576,99.84733800107384,NaN,NaN,NaN,NaN,NaN
2008-12-01T00:00:00Z,8181000000000,8181000000000,8181000000000,8181000000000,53.847568223087585,NaN,NaN,99.94400338480698,99.86151353601679,NaN,NaN,NaN,NaN,NaN
2009-01-01T00:00:00Z,8262400000000,8262400000000,8262400000000,8262400000000,52.41228702194811,NaN,NaN,99.95001197751549,99.87509851659217,NaN,NaN,NaN,NaN,NaN
2009-02-01T00:00:00Z,8291600000000,8291600000000,8291600000000,8291600000000,51.1171586740733,NaN,NaN,99.95200164487242,99.887658621818,NaN,NaN,NaN,NaN,NaN
2009-03-01T00:00:00Z,8357600000000,8357600000000,8357600000000,8357600000000,52.57743225597467,NaN,NaN,99.95624124808336,99.89930999632188,NaN,NaN,NaN,NaN,NaN
2009-04-01T00:00:00Z,8360700000000.001,8360700000000.001,8360700000000.001,8360700000000.001,53.42647884545811,NaN,NaN,99.95643588722159,99.90846646587956,NaN,NaN,NaN,NaN,NaN
2009-05-01T00:00:00Z,8418200000000.001,8418200000000.001,8418200000000.001,8418200000000.001,56.316811958686806,NaN,NaN,99.95999070226378,99.91634695546087,NaN,NaN,NaN,NaN,NaN
2009-06-01T00:00:00Z,8427799999999.999,8427799999999.999,8427799999999.999,8427799999999.999,56.34377493077577,NaN,NaN,99.9605692133011,99.92341034457827,NaN,NaN,NaN,NaN,NaN
2009-07-01T00:00:00Z,8432500000000,8432500000000,8432500000000,8432500000000,57.45814490218329,NaN,NaN,99.96086754481061,99.93026355730588,NaN,NaN,NaN,NaN,NaN
2009-08-01T00:00:00Z,8432200000000.001,8432200000000.001,8432200000000.001,8432200000000.001,57.684384980747815,NaN,NaN,99.90890672788004,99.93306007566882,NaN,NaN,NaN,NaN,NaN
2009-09-01T00:00:00Z,8431500000000,8431500000000,8431500000000,8431500000000,59.168790649960414,NaN,NaN,99.77857662839101,99.92568496630979,NaN,NaN,NaN,NaN,NaN
2009-10-01T00:00:00Z,8458299999999.999,8458299999999.999,8458299999999.999,8458299999999.999,59.5418168224094,NaN,NaN,99.78987805748531,99.91885322884657,NaN,NaN,NaN,NaN,NaN
2009-11-01T00:00:00Z,8488400000000,8488400000000,8488400000000,8488400000000,60.88534876199167,NaN,NaN,99.80209554385613,99.91178529484588,NaN,NaN,NaN,NaN,NaN
2009-12-01T00:00:00Z,8483400000000,8483400000000,8483400000000,8483400000000,59.17272504721996,NaN,NaN,98.77468433683417,99.83002861618057,NaN,NaN,NaN,NaN,NaN
2010-01-01T00:00:00Z,8445700000000.001,8445700000000.001,8445700000000.001,8445700000000.001,59.23762595961949,NaN,NaN,91.15493226999773,99.20351394052285,NaN,NaN,NaN,NaN,NaN
2010-02-01T00:00:00Z,8495299999999.999,8495299999999.999,8495299999999.999,8495299999999.999,59.35309998417221,NaN,NaN,92.02644221182796,98.63797385673864,NaN,NaN,NaN,NaN,NaN
2010-03-01T00:00:00Z,8492400000000,8492400000000,8492400000000,8492400000000,59.07768115978056,NaN,NaN,91.45902986980052,98.031475134759,NaN,NaN,NaN,NaN,NaN
2010-04-01T00:00:00Z,8522799999999.999,8522799999999.999,8522799999999.999,8522799999999.999,59.17051725462958,NaN,NaN,92.01484428292585,97.46453532319138,NaN,NaN,NaN,NaN,NaN
2010-05-01T00:00:00Z,8577500000000,8577500000000,8577500000000,8577500000000,57.57236439128532,NaN,NaN,92.90902807474176,96.96116295366699,NaN,NaN,NaN,NaN,NaN
2010-06-01T00:00:00Z,8596600000000,8596600000000,8596600000000,8596600000000,58.15358163238194,NaN,NaN,93.19555588430228,96.47824295345846,NaN,NaN,NaN,NaN,NaN
2010-07-01T00:00:00Z,8606200000000.001,8606200000000.001,8606200000000.001,8606200000000.001,60.32792109811578,NaN,NaN,93.34119559945026,96.00547187468608,NaN,NaN,NaN,NaN,NaN
2010-08-01T00:00:00Z,8656500000000,8656500000000,8656500000000,8656500000000,60.294431583554825,NaN,NaN,94.05873761655738,95.58391247491868,NaN,NaN,NaN,NaN,NaN
2010-09-01T00:00:00Z,8687700000000.001,8687700000000.001,8687700000000.001,8687700000000.001,62.88971764270124,NaN,NaN,94.45768324847614,95.19082788232335,NaN,NaN,NaN,NaN,NaN
2010-10-01T00:00:00Z,8736700000000.001,8736700000000.001,8736700000000.001,8736700000000.001,64.36074789800182,NaN,NaN,95.02292628908133,94.84182927955203,NaN,NaN,NaN,NaN,NaN
2010-11-01T00:00:00Z,8757400000000,8757400000000,8757400000000,8757400000000,62.37992878705408,NaN,NaN,95.24361486059739,94.51790343899533,NaN,NaN,NaN,NaN,NaN
2010-12-01T00:00:00Z,8789299999999.999,8789299999999.999,8789299999999.999,8789299999999.999,64.44294827554052,NaN,NaN,95.5696391048697,94.2164577995228,NaN,NaN,NaN,NaN,NaN
2011-01-01T00:00:00Z,8825900000000,8825900000000,8825900000000,8825900000000,65.05355364723276,NaN,NaN,95.91556271233621,93.93884831155708,NaN,NaN,NaN,NaN,NaN
2011-02-01T00:00:00Z,8871400000000,8871400000000,8871400000000,8871400000000,65.82900907054193,NaN,NaN,96.30211600248376,93.76223628767491,NaN,NaN,NaN,NaN,NaN
2011-03-01T00:00:00Z,8915700000000,8915700000000,8915700000000,8915700000000,66.85010294708707,NaN,NaN,96.63594023381592,94.15373685651907,NaN,NaN,NaN,NaN,NaN
2011-04-01T00:00:00Z,8977900000000,8977900000000,8977900000000,8977900000000,69.20789743659367,NaN,NaN,97.03998528050107,94.51184707571,NaN,NaN,NaN,NaN,NaN
2011-05-01T00:00:00Z,9029200000000,9029200000000,9029200000000,9029200000000,68.66079008474928,NaN,NaN,97.32531700691652,94.93086758550399,NaN,NaN,NaN,NaN,NaN
2011-06-01T00:00:00Z,9113400000000,9113400000000,9113400000000,9113400000000,69.39078508241627,NaN,NaN,97.71470141238967,95.33800023760855,NaN,NaN,NaN,NaN,NaN
2011-07-01T00:00:00Z,9301400000000,9301400000000,9301400000000,9301400000000,70.63654622310348,NaN,NaN,98.30725559327094,95.72358791750351,NaN,NaN,NaN,NaN,NaN
2011-08-01T00:00:00Z,9515100000000,9515100000000,9515100000000,9515100000000,71.06191147078803,NaN,NaN,98.71509379140328,96.11784062515358,NaN,NaN,NaN,NaN,NaN
2011-09-01T00:00:00Z,9539700000000,9539700000000,9539700000000,9539700000000,68.3044814721984,NaN,NaN,98.75235882184693,96.5043522838962,NaN,NaN,NaN,NaN,NaN
2011-10-01T00:00:00Z,9571300000000,9571300000000,9571300000000,9571300000000,70.18464755656585,NaN,NaN,98.8004840433282,96.84304845723697,NaN,NaN,NaN,NaN,NaN
2011-11-01T00:00:00Z,9612300000000,9612300000000,9612300000000,9612300000000,69.47397494530571,NaN,NaN,98.86182808195876,97.15763023105715,NaN,NaN,NaN,NaN,NaN
2011-12-01T00:00:00Z,9651100000000,9651100000000,9651100000000,9651100000000,69.4358209530901,NaN,NaN,98.91821024727395,97.4358647994995,NaN,NaN,NaN,NaN,NaN
2012-01-01T00:00:00Z,9730300000000,9730300000000,9730300000000,9730300000000,70.68353127124678,NaN,NaN,99.02444437608777,97.70592405060596,NaN,NaN,NaN,NaN,NaN
2012-02-01T00:00:00Z,9773100000000,9773100000000,9773100000000,9773100000000,70.68104635080546,NaN,NaN,99.07718429356926,97.95646299265591,NaN,NaN,NaN,NaN,NaN
2012-03-01T00:00:00Z,9817800000000,9817800000000,9817800000000,9817800000000,70.8809919946406,NaN,NaN,99.13007939614481,98.18607132721367,NaN,NaN,NaN,NaN,NaN
2012-04-01T00:00:00Z,9872100000000,9872100000000,9872100000000,9872100000000,71.36395042701476,NaN,NaN,99.19076063991251,98.39240308703002,NaN,NaN,NaN,NaN,NaN
2012-05-01T00:00:00Z,9903800000000,9903800000000,9903800000000,9903800000000,69.4796298763799,NaN,NaN,99.2247588302457,98.5773187010607,NaN,NaN,NaN,NaN,NaN
2012-06-01T00:00:00Z,9973600000000,9973600000000,9973600000000,9973600000000,70.7269736609171,NaN,NaN,99.29499367987918,98.73839072958772,NaN,NaN,NaN,NaN,NaN
2012-07-01T00:00:00Z,10046800000000,10046800000000,10046800000000,10046800000000,70.67797796750293,NaN,NaN,99.36043347011417,98.8837561912447,NaN,NaN,NaN,NaN,NaN
2012-08-01T00:00:00Z,10117900000000,10117900000000,10117900000000,10117900000000,71.543280072476,NaN,NaN,99.41703576062797,99.00535150183315,NaN,NaN,NaN,NaN,NaN
2012-09-01T00:00:00Z,10200200000000,10200200000000,10200200000000,10200200000000,73.01899982447308,NaN,NaN,99.47495942913068,99.08875891868027,NaN,NaN,NaN,NaN,NaN
2012-10-01T00:00:00Z,10261300000000,10261300000000,10261300000000,10261300000000,73.08657395497463,NaN,NaN,99.51359919515276,99.14579501894809,NaN,NaN,NaN,NaN,NaN
2012-11-01T00:00:00Z,10319900000000,10319900000000,10319900000000,10319900000000,72.96096400464454,NaN,NaN,99.54795972440876,99.20262365484537,NaN,NaN,NaN,NaN,NaN
2012-12-01T00:00:00Z,10445700000000,10445700000000,10445700000000,10445700000000,73.66686880642025,NaN,NaN,99.61142147697257,99.26054775724855,NaN,NaN,NaN,NaN,NaN
2013-01-01T00:00:00Z,10471200000000,10471200000000,10471200000000,10471200000000,73.8839714882404,NaN,NaN,99.62297590003222,99.3149154585395,NaN,NaN,NaN,NaN,NaN
2013-02-01T00:00:00Z,10468200000000,10468200000000,10468200000000,10468200000000,72.75813897675064,NaN,NaN,99.24907055129977,99.33854833739849,NaN,NaN,NaN,NaN,NaN
2013-03-01T00:00:00Z,10539700000000,10539700000000,10539700000000,10539700000000,73.01913338954382,NaN,NaN,99.31505302447997,99.35930609799793,NaN,NaN,NaN,NaN,NaN
2013-04-01T00:00:00Z,10575100000000,10575100000000,10575100000000,10575100000000,73.59603543301132,NaN,NaN,99.34570678593818,99.37848627602429,NaN,NaN,NaN,NaN,NaN
2013-05-01T00:00:00Z,10611300000000,10611300000000,10611300000000,10611300000000,72.63622066249903,NaN,NaN,99.37643912869767,99.39608339977806,NaN,NaN,NaN,NaN,NaN
2013-06-01T00:00:00Z,10665900000000,10665900000000,10665900000000,10665900000000,72.9245438064478,NaN,NaN,99.42064091582169,99.41250341948587,NaN,NaN,NaN,NaN,NaN
2013-07-01T00:00:00Z,10721900000000,10721900000000,10721900000000,10721900000000,73.72583555417297,NaN,NaN,99.46270880890631,99.42949984653305,NaN,NaN,NaN,NaN,NaN
2013-08-01T00:00:00Z,10780400000000,10780400000000,10780400000000,10780400000000,73.8148658258588,NaN,NaN,99.50328426245494,99.44437774528845,NaN,NaN,NaN,NaN,NaN
2013-09-01T00:00:00Z,10832600000000,10832600000000,10832600000000,10832600000000,75.43189266723003,NaN,NaN,99.53689171063388,99.45698190532559,NaN,NaN,NaN,NaN,NaN
2013-10-01T00:00:00Z,10945200000000,10945200000000,10945200000000,10945200000000,75.79027209725577,NaN,NaN,99.59979366602911,99.47003604142567,NaN,NaN,NaN,NaN,NaN
2013-11-01T00:00:00Z,10953000000000,10953000000000,10953000000000,10953000000000,75.42631628356929,NaN,NaN,99.60380813441108,99.47923952037426,NaN,NaN,NaN,NaN,NaN
2013-12-01T00:00:00Z,11015000000000,11015000000000,11015000000000,11015000000000,76.17274051127625,NaN,NaN,99.63513773139218,99.48792084439138,NaN,NaN,NaN,NaN,NaN
2014-01-01T00:00:00Z,11065600000000,11065600000000,11065600000000,11065600000000,76.29665941290294,NaN,NaN,99.6588482150116,99.49584145086301,NaN,NaN,NaN,NaN,NaN
2014-02-01T00:00:00Z,11148700000000,11148700000000,11148700000000,11148700000000,77.29212769537783,NaN,NaN,99.69401602546807,99.50174106146982,NaN,NaN,NaN,NaN,NaN
2014-03-01T00:00:00Z,11190300000000,11190300000000,11190300000000,11190300000000,77.4042229545123,NaN,NaN,99.71012561632442,99.50796604120497,NaN,NaN,NaN,NaN,NaN
2014-04-01T00:00:00Z,11246500000000,11246500000000,11246500000000,11246500000000,78.08713638802503,NaN,NaN,99.73074948082655,99.5423716790283,NaN,NaN,NaN,NaN,NaN
2014-05-01T00:00:00Z,11314800000000,11314800000000,11314800000000,11314800000000,78.30005614044397,NaN,NaN,99.75368555872609,99.57370257433159,NaN,NaN,NaN,NaN,NaN
2014-06-01T00:00:00Z,11367100000000,11367100000000,11367100000000,11367100000000,79.48190362680744,NaN,NaN,99.76985273217696,99.60399871334866,NaN,NaN,NaN,NaN,NaN
2014-07-01T00:00:00Z,11428400000000,11428400000000,11428400000000,11428400000000,78.52580145977741,NaN,NaN,99.78746136279693,99.63335744435574,NaN,NaN,NaN,NaN,NaN
2014-08-01T00:00:00Z,11457600000000,11457600000000,11457600000000,11457600000000,78.32900881861399,NaN,NaN,99.79548821309413,99.66013225130378,NaN,NaN,NaN,NaN,NaN
2014-09-01T00:00:00Z,11492000000000,11492000000000,11492000000000,11492000000000,76.23646799000103,NaN,NaN,99.80483925521241,99.68457014032565,NaN,NaN,NaN,NaN,NaN
2014-10-01T00:00:00Z,11551400000000,11551400000000,11551400000000,11551400000000,75.85531594272636,NaN,NaN,99.82013274061738,99.70720217448012,NaN,NaN,NaN,NaN,NaN
2014-11-01T00:00:00Z,11590600000000,11590600000000,11590600000000,11590600000000,74.87024535999255,NaN,NaN,99.8296215759155,99.72811145057166,NaN,NaN,NaN,NaN,NaN
2014-12-01T00:00:00Z,11668000000000,11668000000000,11668000000000,11668000000000,74.37004131552007,NaN,NaN,99.84680625410715,99.74575520686294,NaN,NaN,NaN,NaN,NaN
2015-01-01T00:00:00Z,11732100000000,11732100000000,11732100000000,11732100000000,72.98446107169106,NaN,NaN,99.8594495632893,99.76401530892566,NaN,NaN,NaN,NaN,NaN
2015-02-01T00:00:00Z,11852500000000,11852500000000,11852500000000,11852500000000,73.26324115263084,NaN,NaN,99.87955690944098,99.78147382164344,NaN,NaN,NaN,NaN,NaN
2015-03-01T00:00:00Z,11869400000000,11869400000000,11869400000000,11869400000000,72.70948411238798,NaN,NaN,99.88210642457985,99.7974208366126,NaN,NaN,NaN,NaN,NaN
2015-04-01T00:00:00Z,11916600000000,11916600000000,11916600000000,11916600000000,74.60019955789846,NaN,NaN,99.88916309862576,99.81135991326673,NaN,NaN,NaN,NaN,NaN
2015-05-01T00:00:00Z,11949300000000,11949300000000,11949300000000,11949300000000,73.98690653059803,NaN,NaN,99.89390126766791,99.82448674550554,NaN,NaN,NaN,NaN,NaN
2015-06-01T00:00:00Z,11994600000000,11994600000000,11994600000000,11994600000000,75.02167755635267,NaN,NaN,99.90026220435827,99.83659479718638,NaN,NaN,NaN,NaN,NaN
2015-07-01T00:00:00Z,12046600000000,12046600000000,12046600000000,12046600000000,74.50635705766172,NaN,NaN,99.90714413133846,99.84755612380154,NaN,NaN,NaN,NaN,NaN
2015-08-01T00:00:00Z,12097600000000,12097600000000,12097600000000,12097600000000,74.19718883494242,NaN,NaN,99.91345167787671,99.85781319135153,NaN,NaN,NaN,NaN,NaN
2015-09-01T00:00:00Z,12153100000000,12153100000000,12153100000000,12153100000000,74.44766224891602,NaN,NaN,99.91983359289185,99.86726835064403,NaN,NaN,NaN,NaN,NaN
2015-10-01T00:00:00Z,12185000000000,12185000000000,12185000000000,12185000000000,74.80966530752495,NaN,NaN,99.92333291328592,99.87640011494344,NaN,NaN,NaN,NaN,NaN
2015-11-01T00:00:00Z,12274200000000,12274200000000,12274200000000,12274200000000,73.55762319899378,NaN,NaN,99.93223977993911,99.88550015242392,NaN,NaN,NaN,NaN,NaN
2015-12-01T00:00:00Z,12330100000000,12330100000000,12330100000000,12330100000000,74.20870131178053,NaN,NaN,99.93716630005423,99.89385969238369,NaN,NaN,NaN,NaN,NaN
2016-01-01T00:00:00Z,12458000000000,12458000000000,12458000000000,12458000000000,74.22027848863912,NaN,NaN,99.94671256882013,99.902223334734,NaN,NaN,NaN,NaN,NaN
2016-02-01T00:00:00Z,12534300000000,12534300000000,12534300000000,12534300000000,75.70326198869458,NaN,NaN,99.95145125261126,99.9096979774843,NaN,NaN,NaN,NaN,NaN
2016-03-01T00:00:00Z,12597900000000,12597900000000,12597900000000,12597900000000,78.44734734879826,NaN,NaN,99.95504025727898,99.91652588419785,NaN,NaN,NaN,NaN,NaN
2016-04-01T00:00:00Z,12687200000000,12687200000000,12687200000000,12687200000000,79.77881896596875,NaN,NaN,99.95956067827444,99.92224043911452,NaN,NaN,NaN,NaN,NaN
2016-05-01T00:00:00Z,12756000000000,12756000000000,12756000000000,12756000000000,78.20700888838071,NaN,NaN,99.96267442468007,99.92799529626453,NaN,NaN,NaN,NaN,NaN
2016-06-01T00:00:00Z,12823600000000,12823600000000,12823600000000,12823600000000,79.5909800954408,NaN,NaN,99.96548640643248,99.93344696110788,NaN,NaN,NaN,NaN,NaN
2016-07-01T00:00:00Z,12882300000000,12882300000000,12882300000000,12882300000000,80.45328634743083,NaN,NaN,99.96775787012496,99.93872243271196,NaN,NaN,NaN,NaN,NaN
2016-08-01T00:00:00Z,12969700000000,12969700000000,12969700000000,12969700000000,80.45912484265482,NaN,NaN,99.9708355755097,99.9437633877942,NaN,NaN,NaN,NaN,NaN
2016-09-01T00:00:00Z,13030700000000,13030700000000,13030700000000,13030700000000,81.42518826035256,NaN,NaN,99.97278796905523,99.9484522333454,NaN,NaN,NaN,NaN,NaN
2016-10-01T00:00:00Z,13099300000000,13099300000000,13099300000000,13099300000000,79.83810897079981,NaN,NaN,99.97482875569011,99.95283631033207,NaN,NaN,NaN,NaN,NaN
2016-11-01T00:00:00Z,13169600000000,13169600000000,13169600000000,13169600000000,77.59982571505348,NaN,NaN,99.97675283322621,99.95690197035596,NaN,NaN,NaN,NaN,NaN
2016-12-01T00:00:00Z,13198900000000,13198900000000,13198900000000,13198900000000,77.47821011899691,NaN,NaN,99.97752397523928,99.96077276049549,NaN,NaN,NaN,NaN,NaN
2017-01-01T00:00:00Z,13275400000000,13275400000000,13275400000000,13275400000000,80.18586652916477,NaN,NaN,99.97944147284235,99.96414430998857,NaN,NaN,NaN,NaN,NaN
2017-02-01T00:00:00Z,13341100000000,13341100000000,13341100000000,13341100000000,80.04629218535207,NaN,NaN,99.98094500520392,99.96727136035642,NaN,NaN,-0.006200000000000009,NaN,NaN
2017-03-01T00:00:00Z,13411400000000,13411400000000,13411400000000,13411400000000,81.23384008695186,NaN,NaN,99.98242603934725,99.96982232253693,NaN,NaN,-0.375,-0.006200000000000009,-33.75
2017-04-01T00:00:00Z,13476800000000,13476800000000,13476800000000,13476800000000,81.68161148816294,NaN,NaN,99.98369563989654,99.9721254930573,NaN,NaN,0.375,-0.375,-33.75
2017-05-01T00:00:00Z,13530500000000,13530500000000,13530500000000,13530500000000,83.27152167016988,NaN,NaN,99.98467465402723,99.97424223568217,NaN,NaN,0.009999999999999998,0.375,0.8999999999999999
2017-06-01T00:00:00Z,13558200000000,13558200000000,13558200000000,13558200000000,84.0543220085728,NaN,NaN,99.98516934689059,99.97607142629762,NaN,NaN,0.009999999999999998,0.009999999999999998,0.8999999999999999
2017-07-01T00:00:00Z,13618300000000,13618300000000,13618300000000,13618300000000,85.93354546451573,NaN,NaN,99.98620947212808,99.97775250111533,NaN,NaN,0.009999999999999998,0.009999999999999998,0.8999999999999999
2017-08-01T00:00:00Z,13673800000000,13673800000000,13673800000000,13673800000000,87.01594794092983,NaN,NaN,99.98710861388699,99.97929694450492,NaN,NaN,-0.375,0.009999999999999998,-33.75
2017-09-01T00:00:00Z,13716400000000,13716400000000,13716400000000,13716400000000,86.73718401224569,NaN,NaN,99.98776786495813,99.98072622985016,NaN,NaN,-0.375,-0.375,-33.75
2017-10-01T00:00:00Z,13769000000000,13769000000000,13769000000000,13769000000000,86.30375765717864,NaN,NaN,99.98854669531417,99.9819913098362,NaN,NaN,0.3526749999999999,-0.375,31.74074999999999
2017-11-01T00:00:00Z,13794000000000,13794000000000,13794000000000,13794000000000,87.61688070917698,NaN,NaN,99.98890817392318,99.98314275304107,NaN,NaN,-0.375,0.3526749999999999,31.74074999999999
2017-12-01T00:00:00Z,13835700000000,13835700000000,13835700000000,13835700000000,88.77655002483482,NaN,NaN,99.98950326929591,99.98419093258433,NaN,NaN,0.09652500000000004,-0.375,-33.75
2018-01-01T00:00:00Z,13858400000000,13858400000000,13858400000000,13858400000000,92.46106924934668,NaN,NaN,99.98982335239546,99.98512454109641,NaN,NaN,-0.149925,0.09652500000000004,-13.49325
2018-02-01T00:00:00Z,13892800000000,13892800000000,13892800000000,13892800000000,91.93915753310294,NaN,NaN,99.99030578706694,99.98603752765553,NaN,NaN,-0.09949999999999996,-0.149925,-13.49325
2018-03-01T00:00:00Z,13952600000000,13952600000000,13952600000000,13952600000000,93.0723323866998,NaN,NaN,99.991096003708,99.98686999414592,NaN,NaN,0.009799999999999967,-0.09949999999999996,0.881999999999997
2018-04-01T00:00:00Z,13989100000000,13989100000000,13989100000000,13989100000000,91.59593274007285,NaN,NaN,99.99154882523311,99.9876274098623,NaN,NaN,0.021774999999999985,0.009799999999999967,0.881999999999997
2018-05-01T00:00:00Z,14054900000000,14054900000000,14054900000000,14054900000000,90.38075914614568,NaN,NaN,99.99230825033231,99.98833328207552,NaN,NaN,0.17885,0.021774999999999985,16.096500000000002
2018-06-01T00:00:00Z,14120000000000,14120000000000,14120000000000,14120000000000,89.47673953689612,NaN,NaN,99.9929803350578,99.98899647458704,NaN,NaN,-0.09375,0.17885,16.096500000000002
2018-07-01T00:00:00Z,14153000000000,14153000000000,14153000000000,14153000000000,88.93297211965314,NaN,NaN,99.99329992716298,99.98961256552532,NaN,NaN,0.009999999999999998,-0.09375,-8.4375
2018-08-01T00:00:00Z,14197000000000,14197000000000,14197000000000,14197000000000,88.74738125541764,NaN,NaN,99.99371105854763,99.99022268778653,NaN,NaN,-0.375,0.009999999999999998,-33.75
2018-09-01T00:00:00Z,14228500000000,14228500000000,14228500000000,14228500000000,88.76816568783606,NaN,NaN,99.993995142295,99.99077880708417,NaN,NaN,-0.06334999999999998,-0.375,-33.75
2018-10-01T00:00:00Z,14235400000000,14235400000000,14235400000000,14235400000000,87.67545041134004,NaN,NaN,99.99405845508348,99.99127522431249,NaN,NaN,-0.16770000000000002,-0.06334999999999998,-15.093000000000002
2018-11-01T00:00:00Z,14245400000000,14245400000000,14245400000000,14245400000000,88.318181285503,NaN,NaN,99.9941546462328,99.99173142297495,NaN,NaN,-0.11604999999999999,-0.16770000000000002,-15.093000000000002
2018-12-01T00:00:00Z,14351800000000,14351800000000,14351800000000,14351800000000,89.99208274687464,NaN,NaN,99.9950693246806,99.99219732507257,NaN,NaN,0.009999999999999998,-0.11604999999999999,-10.444499999999998
2019-01-01T00:00:00Z,14434600000000,14434600000000,14434600000000,14434600000000,91.85091553109558,NaN,NaN,99.99564096330217,99.99267823859964,NaN,NaN,0.030774999999999986,0.009999999999999998,2.769749999999999
2019-02-01T00:00:00Z,14464400000000,14464400000000,14464400000000,14464400000000,91.50763272443966,NaN,NaN,99.99582841396206,99.99313003464722,NaN,NaN,0.009999999999999998,0.030774999999999986,2.769749999999999
2019-03-01T00:00:00Z,14511800000000,14511800000000,14511800000000,14511800000000,91.65568810705327,NaN,NaN,99.99611461872209,99.9935794108134,NaN,NaN,-0.001699999999999998,0.009999999999999998,-0.1529999999999998
2019-04-01T00:00:00Z,14558300000000,14558300000000,14558300000000,14558300000000,91.5289494175002,NaN,NaN,99.99637720876275,99.99401308379166,NaN,NaN,0.009999999999999998,-0.001699999999999998,-0.1529999999999998
2019-05-01T00:00:00Z,14653200000000,14653200000000,14653200000000,14653200000000,91.09612043173478,NaN,NaN,99.99684574139764,99.99442377934092,NaN,NaN,0.32155000000000006,0.009999999999999998,28.939500000000006
2019-06-01T00:00:00Z,14780700000000,14780700000000,14780700000000,14780700000000,92.93299583108245,NaN,NaN,99.99734293677488,99.99483764445105,NaN,NaN,0.375,0.32155000000000006,28.939500000000006
2019-07-01T00:00:00Z,14859900000000,14859900000000,14859900000000,14859900000000,91.83560230583738,NaN,NaN,99.99759638770165,99.99521536854886,NaN,NaN,0.05635000000000002,0.375,33.75
2019-08-01T00:00:00Z,14931200000000,14931200000000,14931200000000,14931200000000,91.14944337200176,NaN,NaN,99.99779985401875,99.9955596199032,NaN,NaN,0.0022250000000000134,0.05635000000000002,0.2002500000000012
2019-09-01T00:00:00Z,15020800000000,15020800000000,15020800000000,15020800000000,91.41387806286305,NaN,NaN,99.9980259951149,99.9958971961855,NaN,NaN,-0.375,0.0022250000000000134,0.2002500000000012
2019-10-01T00:00:00Z,15153100000000,15153100000000,15153100000000,15153100000000,93.08249934288386,NaN,NaN,99.99830330661489,99.99622521390458,NaN,NaN,0.04482500000000001,-0.375,4.034250000000001
2019-11-01T00:00:00Z,15251300000000,15251300000000,15251300000000,15251300000000,92.97393141457447,NaN,NaN,99.99847459969288,99.99654517514728,NaN,NaN,-0.06475000000000003,0.04482500000000001,4.034250000000001
2019-12-01T00:00:00Z,15325800000000,15325800000000,15325800000000,15325800000000,95.05694980386089,NaN,NaN,99.99859083245225,99.99686891638791,NaN,NaN,-0.169525,-0.06475000000000003,-5.827500000000002
2020-01-01T00:00:00Z,15406800000000,15406800000000,15406800000000,15406800000000,95.01672912178668,NaN,NaN,99.99870625894705,99.99719403158178,NaN,NaN,-0.040200000000000014,-0.169525,-3.618000000000001
2020-02-01T00:00:00Z,15470400000000,15470400000000,15470400000000,15470400000000,95.01365190238965,NaN,NaN,99.99879006252893,99.99745979857094,NaN,NaN,-0.0907,-0.040200000000000014,-3.618000000000001
2020-03-01T00:00:00Z,16011400000000,16011400000000,16011400000000,16011400000000,95.69718651509888,NaN,NaN,99.9992406519146,99.99771691918612,NaN,NaN,-0.375,-0.0907,-33.75
2020-04-01T00:00:00Z,17039099999999.998,17039099999999.998,17039099999999.998,17039099999999.998,97.60422473021129,NaN,NaN,99.99956900625968,99.99798410435025,NaN,NaN,0.009999999999999998,-0.375,-33.75
2020-05-01T00:00:00Z,17889200000000,17889200000000,17889200000000,17889200000000,99.2386733349771,NaN,NaN,99.99968885889707,99.99823940721988,NaN,NaN,-0.09402499999999998,0.009999999999999998,-8.46225
2020-06-01T00:00:00Z,18175700000000,18175700000000,18175700000000,18175700000000,101.39657482646916,NaN,NaN,99.99971738313204,99.99847799110341,NaN,NaN,0.009999999999999998,-0.09402499999999998,-8.46225
2020-07-01T00:00:00Z,18316600000000,18316600000000,18316600000000,18316600000000,104.44294249274189,NaN,NaN,99.99973046997296,99.99868404314451,NaN,NaN,0.06540000000000001,0.009999999999999998,0.8999999999999999
2020-08-01T00:00:00Z,18378500000000,18378500000000,18378500000000,18378500000000,106.29098248649359,NaN,NaN,99.99973624822492,99.99885499396237,NaN,NaN,-0.005300000000000031,0.06540000000000001,-0.4770000000000028
2020-09-01T00:00:00Z,18601600000000,18601600000000,18601600000000,18601600000000,106.74963699459487,NaN,NaN,99.99975650942132,99.99900928837091,NaN,NaN,0.01349999999999997,-0.005300000000000031,-0.4770000000000028
2020-10-01T00:00:00Z,18747900000000,18747900000000,18747900000000,18747900000000,107.41116667595017,NaN,NaN,99.99976903903607,99.99914994444359,NaN,NaN,0.009999999999999998,0.01349999999999997,0.8999999999999999
2020-11-01T00:00:00Z,18958700000000,18958700000000,18958700000000,18958700000000,110.21361210830881,NaN,NaN,99.9997861172438,99.9992756674528,NaN,NaN,0.0463,0.009999999999999998,0.8999999999999999
2020-12-01T00:00:00Z,19129500000000,19129500000000,19129500000000,19129500000000,112.99544820169753,NaN,NaN,99.99979908088235,99.9993825084719,NaN,NaN,0.009999999999999998,0.0463,4.167
2021-01-01T00:00:00Z,19393100000000,19393100000000,19393100000000,19393100000000,113.72978018640791,NaN,NaN,99.99981746872014,99.99947842768815,NaN,NaN,0.19017499999999998,0.009999999999999998,17.11575
2021-02-01T00:00:00Z,19665400000000,19665400000000,19665400000000,19665400000000,113.92841928402126,NaN,NaN,99.99983433527433,99.99956724931829,NaN,NaN,0.1518,0.19017499999999998,17.11575
2021-03-01T00:00:00Z,19913500000000,19913500000000,19913500000000,19913500000000,112.95203973089862,NaN,NaN,99.999848107066,99.99964880989822,NaN,NaN,0.14997499999999997,0.1518,13.497749999999996
2021-04-01T00:00:00Z,20122700000000,20122700000000,20122700000000,20122700000000,115.09125897057683,NaN,NaN,99.99985876840749,99.99972514603242,NaN,NaN,-0.22572499999999998,0.14997499999999997,13.497749999999996
2021-05-01T00:00:00Z,20372400000000,20372400000000,20372400000000,20372400000000,117.49024890177715,NaN,NaN,99.9998704561992,99.99977013205275,NaN,NaN,-0.375,-0.22572499999999998,-33.75
2021-06-01T00:00:00Z,20387400000000,20387400000000,20387400000000,20387400000000,116.2578472122793,NaN,NaN,99.9998711460509,99.9997917134664,NaN,NaN,-0.07745,-0.375,-33.75
2021-07-01T00:00:00Z,20534300000000,20534300000000,20534300000000,20534300000000,116.60381968413255,NaN,NaN,99.99987799810678,99.99980522340995,NaN,NaN,0.009999999999999998,-0.07745,-6.9705
2021-08-01T00:00:00Z,20797000000000,20797000000000,20797000000000,20797000000000,116.97322004674575,NaN,NaN,99.99988933174122,99.99981750545346,NaN,NaN,0.009999999999999998,0.009999999999999998,0.8999999999999999
2021-09-01T00:00:00Z,20982900000000,20982900000000,20982900000000,20982900000000,116.6037451708443,NaN,NaN,99.99989664857358,99.99982937535351,NaN,NaN,-0.03275,0.009999999999999998,0.8999999999999999
2021-10-01T00:00:00Z,21187100000000,21187100000000,21187100000000,21187100000000,117.0860441339561,NaN,NaN,99.99990414534498,99.99984136800494,NaN,NaN,-0.29407500000000003,-0.03275,-26.46675
2021-11-01T00:00:00Z,21436700000000,21436700000000,21436700000000,21436700000000,117.10296584768119,NaN,NaN,99.99991250019056,99.99985251020273,NaN,NaN,0.009999999999999998,-0.29407500000000003,-26.46675
2021-12-01T00:00:00Z,21638100000000,21638100000000,21638100000000,21638100000000,118.33207060153076,NaN,NaN,99.99991866081326,99.99986319747255,NaN,NaN,-0.12429999999999998,0.009999999999999998,0.8999999999999999
2022-01-01T00:00:00Z,21840100000000,21840100000000,21840100000000,21840100000000,118.62908444018628,NaN,NaN,99.9999244094098,99.9998730754844,NaN,NaN,0.016175000000000002,-0.12429999999999998,1.45575
2022-02-01T00:00:00Z,21811800000000,21811800000000,21811800000000,21811800000000,119.24884016708619,NaN,NaN,98.94486957323424,99.92452096779526,NaN,NaN,-0.041374999999999995,0.016175000000000002,1.45575
2022-03-01T00:00:00Z,21809700000000,21809700000000,21809700000000,21809700000000,119.2203382169244,NaN,NaN,98.86151677718063,99.84321377554242,NaN,NaN,0.009999999999999998,-0.041374999999999995,0.8999999999999999
2022-04-01T00:00:00Z,21728000000000,21728000000000,21728000000000,21728000000000,114.41092470387811,NaN,NaN,95.4911477814463,99.52116473598328,NaN,NaN,0.007375000000000003,0.009999999999999998,0.8999999999999999
2022-05-01T00:00:00Z,21754200000000,21754200000000,21754200000000,21754200000000,115.84194503004154,NaN,NaN,95.54361604624123,99.20286244592437,NaN,NaN,-0.123875,0.007375000000000003,-11.14875
2022-06-01T00:00:00Z,21667500000000,21667500000000,21667500000000,21667500000000,114.6014009168953,NaN,NaN,91.739198874181,98.61281531062248,NaN,NaN,-0.0461,-0.123875,-11.14875
2022-07-01T00:00:00Z,21709200000000,21709200000000,21709200000000,21709200000000,113.89242212362109,NaN,NaN,91.90613263717763,98.03469118069236,NaN,NaN,-0.016149999999999998,-0.0461,-4.149
2022-08-01T00:00:00Z,21711400000000,21711400000000,21711400000000,21711400000000,111.8149895939426,NaN,NaN,91.91541484025414,97.45723001599261,NaN,NaN,-0.05315000000000001,-0.016149999999999998,-4.783500000000001
2022-09-01T00:00:00Z,21503400000000,21503400000000,21503400000000,21503400000000,108.80554969916459,NaN,NaN,82.30491272217841,96.19330392485485,NaN,NaN,0.071375,-0.05315000000000001,-4.783500000000001
2022-10-01T00:00:00Z,21415200000000,21415200000000,21415200000000,21415200000000,107.64512625055289,NaN,NaN,78.5541730526026,94.66146704777353,NaN,NaN,-0.07082499999999999,0.071375,-6.374249999999999
2022-11-01T00:00:00Z,21351600000000,21351600000000,21351600000000,21351600000000,113.37887010781401,NaN,NaN,75.86926000657682,92.93785014477375,NaN,NaN,-0.2518,-0.07082499999999999,-6.374249999999999
2022-12-01T00:00:00Z,21357700000000,21357700000000,21357700000000,21357700000000,115.70691121557496,NaN,NaN,75.95415038964298,91.22029630508075,NaN,NaN,0.009999999999999998,-0.2518,-22.662000000000003
2023-01-01T00:00:00Z,21212000000000,21212000000000,21212000000000,21212000000000,119.10221451497962,NaN,NaN,69.65137344242116,89.05254351524006,NaN,NaN,0.009999999999999998,0.009999999999999998,0.8999999999999999
2023-02-01T00:00:00Z,21075400000000,21075400000000,21075400000000,21075400000000,115.69257103430238,NaN,NaN,64.26689575508871,86.50018473625975,NaN,NaN,-0.042150000000000014,0.009999999999999998,0.8999999999999999
2023-03-01T00:00:00Z,20818100000000,20818100000000,20818100000000,20818100000000,118.44694890343925,NaN,NaN,55.55503209581776,83.3255495710032,NaN,NaN,0.009999999999999998,-0.042150000000000014,0.8999999999999999
2023-04-01T00:00:00Z,20673100000000,20673100000000,20673100000000,20673100000000,118.28397640992111,NaN,NaN,51.331995957138076,79.92463002699631,NaN,NaN,0.009999999999999998,0.009999999999999998,0.8999999999999999